status,id,action,runtime,status_message
Succeeded,tnz6eulc5zchk3wo,cox_ipw-cohort_prevax_extf-main-addiction,02:13:16,Completed successfully
Succeeded,qnpixw3nhf56zq2v,cox_ipw-cohort_prevax_extf-main-anxiety_general,04:40:05,Completed successfully
Succeeded,wao6yyh6fvw75pwo,cox_ipw-cohort_prevax_extf-main-anxiety_ptsd,02:16:33,Completed successfully
Succeeded,w2azm5w4cqq3pajo,cox_ipw-cohort_prevax_extf-main-depression,06:33:20,Completed successfully
Succeeded,coyz4tkgdm4xa4yl,cox_ipw-cohort_prevax_extf-main-eating_disorders,02:09:56,Completed successfully
Succeeded,ti43pzp3hld7vesy,cox_ipw-cohort_prevax_extf-main-self_harm,02:28:28,Completed successfully
Succeeded,y5m6dcrnjxjkd3tl,cox_ipw-cohort_prevax_extf-main-serious_mental_illness,03:11:54,Completed successfully
Succeeded,qjuvw4wdle7sdp5d,cox_ipw-cohort_prevax_extf-main-suicide,02:20:37,Completed successfully
Succeeded,j4a5vxsmfdwblq63,cox_ipw-cohort_unvax_extf-main-addiction,00:12:44,Completed successfully
Succeeded,eeppyesropoyvjo2,cox_ipw-cohort_unvax_extf-main-anxiety_general,00:15:31,Completed successfully
Succeeded,hhzcmcpwvtmeyh3l,cox_ipw-cohort_unvax_extf-main-anxiety_ptsd,00:14:15,Completed successfully
Succeeded,lqqrqpr6it23gxr2,cox_ipw-cohort_unvax_extf-main-depression,00:14:01,Completed successfully
Succeeded,t3cu4qhzv2kvloxw,cox_ipw-cohort_unvax_extf-main-eating_disorders,00:10:01,Completed successfully
Succeeded,x5rdx4llnt62hbew,cox_ipw-cohort_unvax_extf-main-self_harm,00:14:17,Completed successfully
Succeeded,yfxi2rr4u2rpmier,cox_ipw-cohort_unvax_extf-main-serious_mental_illness,00:15:51,Completed successfully
Succeeded,fg2wps47gcwpdqhz,cox_ipw-cohort_unvax_extf-main-suicide,00:12:25,Completed successfully
Succeeded,mmbzirfahszx5qoi,cox_ipw-cohort_vax-main-addiction,01:16:29,Completed successfully
Succeeded,lkjnppchkeud7mjw,cox_ipw-cohort_vax-main-anxiety_general,01:29:59,Completed successfully
Succeeded,skmbgachiw5t4kat,cox_ipw-cohort_vax-main-anxiety_ptsd,01:19:34,Completed successfully
Succeeded,qtwygndpkr5a5pfq,cox_ipw-cohort_vax-main-depression,01:40:51,Completed successfully
Failed,btjahmr7gfxm2bhw,cox_ipw-cohort_vax-main-eating_disorders,01:09:56,Job exited with an error
Succeeded,iyvoa473db2tpmjp,cox_ipw-cohort_vax-main-self_harm,01:19:13,Completed successfully
Succeeded,jo4tu2t6x4za6maq,cox_ipw-cohort_vax-main-serious_mental_illness,01:23:52,Completed successfully
Succeeded,qhpc2hecw4p3fx7c,cox_ipw-cohort_vax-main-suicide,01:18:28,Completed successfully
Succeeded,imm5hjd26ucfkvcc,make_model_input-cohort_prevax_extf-main-addiction,00:30:47,Completed successfully
Succeeded,b6r4jh6wyjaanoyz,make_model_input-cohort_prevax_extf-main-anxiety_general,00:29:29,Completed successfully
Succeeded,sgy4o2indvjkhv6t,make_model_input-cohort_prevax_extf-main-anxiety_ptsd,00:28:24,Completed successfully
Succeeded,xnyzlqkmdrxv62wc,make_model_input-cohort_prevax_extf-main-depression,00:29:26,Completed successfully
Succeeded,p6oabdle5agx66bt,make_model_input-cohort_prevax_extf-main-eating_disorders,00:27:22,Completed successfully
Succeeded,kzbkaeecxkvxrkgj,make_model_input-cohort_prevax_extf-main-self_harm,00:26:36,Completed successfully
Succeeded,nytwg4nppaldbq53,make_model_input-cohort_prevax_extf-main-serious_mental_illness,00:27:53,Completed successfully
Succeeded,idj5pmio5m36vw4v,make_model_input-cohort_prevax_extf-main-suicide,00:27:05,Completed successfully
Succeeded,c3jancg24bzbonhi,make_model_input-cohort_unvax_extf-main-addiction,00:07:14,Completed successfully
Succeeded,3dfisrmgtgmh5eyz,make_model_input-cohort_unvax_extf-main-anxiety_general,00:05:48,Completed successfully
Succeeded,nznf52qi2rkzjekw,make_model_input-cohort_unvax_extf-main-anxiety_ptsd,00:05:19,Completed successfully
Succeeded,awwvhxfkmpfvbpgd,make_model_input-cohort_unvax_extf-main-depression,00:03:59,Completed successfully
Succeeded,2jozymcpt3yb4slz,make_model_input-cohort_unvax_extf-main-eating_disorders,00:05:16,Completed successfully
Succeeded,m3272nbzeeumhvka,make_model_input-cohort_unvax_extf-main-self_harm,00:04:45,Completed successfully
Succeeded,rgk2nexj4s6g6q6g,make_model_input-cohort_unvax_extf-main-serious_mental_illness,00:05:53,Completed successfully
Succeeded,go2darzdsfrxtrcc,make_model_input-cohort_unvax_extf-main-suicide,00:04:31,Completed successfully
Succeeded,njmehxv7bbia5t4m,make_model_input-cohort_vax-main-addiction,00:23:58,Completed successfully
Succeeded,l3wlflvit3gnxvnp,make_model_input-cohort_vax-main-anxiety_general,00:23:15,Completed successfully
Succeeded,rwnrzxrtrs7c6u2p,make_model_input-cohort_vax-main-anxiety_ptsd,00:21:29,Completed successfully
Succeeded,btvk2ezntoxfnpkj,make_model_input-cohort_vax-main-depression,00:22:59,Completed successfully
Succeeded,tpne4jyue26panqy,make_model_input-cohort_vax-main-eating_disorders,00:23:32,Completed successfully
Succeeded,4auhmajbzmjmesno,make_model_input-cohort_vax-main-self_harm,00:22:37,Completed successfully
Succeeded,eay2ho6fmiy7sfnr,make_model_input-cohort_vax-main-serious_mental_illness,00:22:18,Completed successfully
Succeeded,neamrged3gm7xemk,make_model_input-cohort_vax-main-suicide,00:22:32,Completed successfully
Succeeded,3misrbc7dngd7ib4,median_iqr_age,00:01:41,Completed successfully
Succeeded,j7aja76x4hqacf3v,preprocess_data_prevax_extf,02:33:08,Completed successfully
Succeeded,j3y3dh2wojqiisem,preprocess_data_unvax_extf,02:30:46,Completed successfully
Succeeded,qmd446l5remxhhfg,preprocess_data_vax,03:03:18,Completed successfully
Succeeded,5d5ajsx3uqbfawpq,stage1_data_cleaning_prevax_extf,00:22:59,Completed successfully
Succeeded,to7bbjyjkwvtzy5u,stage1_data_cleaning_unvax_extf,00:23:12,Completed successfully
Succeeded,2kxmlabhjqkw767e,stage1_data_cleaning_vax,02:25:29,Completed successfully
Succeeded,j3jxkxev7hank574,table1_prevax_extf,00:07:48,Completed successfully
Succeeded,mdqongwtet24mtfd,table1_unvax_extf,00:01:45,Completed successfully
Succeeded,yapjhk4d33h2wd7e,table1_vax,00:05:37,Completed successfully
Succeeded,mogbbutyvwxq5cox,table2_prevax_extf,111:28:12,Completed successfully
Succeeded,xmzrysf3dl3gnmhd,table2_unvax_extf,15:49:13,Completed successfully
Succeeded,7srxbnm7f236lfim,table2_vax,83:49:20,Completed successfully
Failed,b25wwltykkyyiol4,venn_prevax_extf,00:02:25,Job exited with an error
Failed,3wg26x2arg37co2q,venn_unvax_extf,00:01:05,Job exited with an error
Failed,p4bxdfdtixwerwvw,venn_vax,00:02:55,Job exited with an error
Succeeded,usuudbz5bwyhucda,cox_ipw-cohort_prevax_extf-sub_age_18_39-anxiety_general,02:08:56,Completed successfully
Succeeded,kghm7swwhg7bfptd,cox_ipw-cohort_prevax_extf-sub_age_18_39-depression,02:35:06,Completed successfully
Succeeded,5iuleysusb37fw4r,cox_ipw-cohort_prevax_extf-sub_age_18_39-serious_mental_illness,01:14:41,Completed successfully
Succeeded,dy2wi2ildw3uuo3a,cox_ipw-cohort_prevax_extf-sub_age_40_59-anxiety_general,01:29:25,Completed successfully
Succeeded,pfhawremiv4hzibs,cox_ipw-cohort_prevax_extf-sub_age_40_59-depression,01:27:16,Completed successfully
Succeeded,rq6ty3zf2xvnblec,cox_ipw-cohort_prevax_extf-sub_age_40_59-serious_mental_illness,00:59:01,Completed successfully
Succeeded,i5cdu4ievkczadqj,cox_ipw-cohort_prevax_extf-sub_age_60_79-anxiety_general,00:49:21,Completed successfully
Succeeded,iq2sld3mnjfczk7p,cox_ipw-cohort_prevax_extf-sub_age_60_79-depression,01:11:24,Completed successfully
Succeeded,3ogjjtz2ij7z5hve,cox_ipw-cohort_prevax_extf-sub_age_60_79-serious_mental_illness,00:30:54,Completed successfully
Succeeded,dvscyx2benqoxu2q,cox_ipw-cohort_prevax_extf-sub_age_80_110-anxiety_general,00:30:00,Completed successfully
Succeeded,7ddclfkhz2lv4e6k,cox_ipw-cohort_prevax_extf-sub_age_80_110-depression,00:21:04,Completed successfully
Succeeded,rs7nebkzrg2ypyms,cox_ipw-cohort_prevax_extf-sub_age_80_110-serious_mental_illness,00:23:16,Completed successfully
Succeeded,rpj7ufy7kcgi3fsx,cox_ipw-cohort_prevax_extf-sub_covid_hospitalised-addiction,01:36:27,Completed successfully
Succeeded,55yae7r4kywjqxmx,cox_ipw-cohort_prevax_extf-sub_covid_hospitalised-anxiety_general,03:21:46,Completed successfully
Succeeded,menrjdy2ltvrkahg,cox_ipw-cohort_prevax_extf-sub_covid_hospitalised-anxiety_ptsd,01:49:37,Completed successfully
Succeeded,2pe3hqekvdsjdvqk,cox_ipw-cohort_prevax_extf-sub_covid_hospitalised-depression,04:33:41,Completed successfully
Succeeded,rjlfv6kuirlrjas2,cox_ipw-cohort_prevax_extf-sub_covid_hospitalised-eating_disorders,01:29:38,Completed successfully
Succeeded,mcbeo564hsjawqvu,cox_ipw-cohort_prevax_extf-sub_covid_hospitalised-self_harm,02:04:01,Completed successfully
Succeeded,2f62twnav47yny6b,cox_ipw-cohort_prevax_extf-sub_covid_hospitalised-serious_mental_illness,02:27:23,Completed successfully
Succeeded,ln2i6xxgis5f3xe6,cox_ipw-cohort_prevax_extf-sub_covid_hospitalised-suicide,01:53:42,Completed successfully
Succeeded,nn7x35krxanns4gl,cox_ipw-cohort_unvax_extf-sub_age_18_39-anxiety_general,00:11:51,Completed successfully
Succeeded,hpepxhnsiayneeoz,cox_ipw-cohort_unvax_extf-sub_age_18_39-depression,00:47:33,Completed successfully
Succeeded,g37wrqzbqq6osjzq,cox_ipw-cohort_unvax_extf-sub_age_18_39-serious_mental_illness,00:10:09,Completed successfully
Succeeded,r7egrvp3wr6jkvym,cox_ipw-cohort_unvax_extf-sub_age_40_59-anxiety_general,00:13:42,Completed successfully
Succeeded,oyxqodtpihwgu2oo,cox_ipw-cohort_unvax_extf-sub_age_40_59-depression,00:03:42,Completed successfully
Succeeded,ohqbdmp6setlz77e,cox_ipw-cohort_unvax_extf-sub_age_40_59-serious_mental_illness,00:08:51,Completed successfully
Failed,5gjz6yaj2tsi6kh4,cox_ipw-cohort_unvax_extf-sub_age_60_79-anxiety_general,00:18:24,Job exited with an error
Failed,fnblbo54nxounc5s,cox_ipw-cohort_unvax_extf-sub_age_60_79-depression,00:03:38,Job exited with an error
Failed,m2n3ighwhzrb23u3,cox_ipw-cohort_unvax_extf-sub_age_60_79-serious_mental_illness,00:01:07,Job exited with an error
Failed,wbl3xcbj354ucf2j,cox_ipw-cohort_unvax_extf-sub_age_80_110-anxiety_general,00:31:20,Job exited with an error
Failed,fg5joduj2qwjq5k7,cox_ipw-cohort_unvax_extf-sub_age_80_110-depression,00:07:19,Job exited with an error
Failed,vh73r4ps57l4hawb,cox_ipw-cohort_unvax_extf-sub_age_80_110-serious_mental_illness,00:03:56,Job exited with an error
Succeeded,frysk6mpryg6wbve,cox_ipw-cohort_unvax_extf-sub_covid_history-anxiety_general,00:33:01,Completed successfully
Succeeded,ebryt3slstbivest,cox_ipw-cohort_unvax_extf-sub_covid_history-depression,00:01:22,Completed successfully
Succeeded,4kvmrnrvipir7zbw,cox_ipw-cohort_unvax_extf-sub_covid_history-serious_mental_illness,00:09:09,Completed successfully
Succeeded,2chhm73wointxa4y,cox_ipw-cohort_unvax_extf-sub_covid_hospitalised-addiction,00:16:22,Completed successfully
Succeeded,rstby7bht3wrpe4m,cox_ipw-cohort_unvax_extf-sub_covid_hospitalised-anxiety_general,00:14:49,Completed successfully
Succeeded,vqwhiobth2ywhyrk,cox_ipw-cohort_unvax_extf-sub_covid_hospitalised-anxiety_ptsd,00:12:00,Completed successfully
Succeeded,mqqxtp4d6ormcac7,cox_ipw-cohort_unvax_extf-sub_covid_hospitalised-depression,00:36:05,Completed successfully
Succeeded,dh6zcepkyycsqyjq,cox_ipw-cohort_unvax_extf-sub_covid_hospitalised-eating_disorders,00:10:28,Completed successfully
Succeeded,2pd3apwfp57qo5ts,cox_ipw-cohort_unvax_extf-sub_covid_hospitalised-self_harm,00:15:00,Completed successfully
Succeeded,nigumneyifctrjys,cox_ipw-cohort_unvax_extf-sub_covid_hospitalised-serious_mental_illness,00:31:22,Completed successfully
Succeeded,hyhunulif2gce3r3,cox_ipw-cohort_unvax_extf-sub_covid_hospitalised-suicide,00:31:24,Completed successfully
Succeeded,2m5jc7jurpqa4ykg,cox_ipw-cohort_vax-sub_age_18_39-anxiety_general,00:25:15,Completed successfully
Succeeded,yn3kljxrfyoktgak,cox_ipw-cohort_vax-sub_age_18_39-depression,00:25:54,Completed successfully
Succeeded,q6tedk5rizyqpamq,cox_ipw-cohort_vax-sub_age_18_39-serious_mental_illness,00:27:28,Completed successfully
Succeeded,57poa3z5w5gyq6yc,cox_ipw-cohort_vax-sub_age_40_59-anxiety_general,00:46:52,Completed successfully
Succeeded,nn7xiar3li6xipke,cox_ipw-cohort_vax-sub_age_40_59-depression,00:39:03,Completed successfully
Succeeded,x46merarqujqzcbj,cox_ipw-cohort_vax-sub_age_40_59-serious_mental_illness,00:28:28,Completed successfully
Succeeded,ocyer3d6blae6dyj,cox_ipw-cohort_vax-sub_age_60_79-anxiety_general,00:43:12,Completed successfully
Succeeded,6r7yopzbas3msuit,cox_ipw-cohort_vax-sub_age_60_79-depression,00:25:01,Completed successfully
Succeeded,gwv36wie72macuyu,cox_ipw-cohort_vax-sub_age_60_79-serious_mental_illness,00:33:16,Completed successfully
Succeeded,sjy2pf7rza3iqkeq,cox_ipw-cohort_vax-sub_age_80_110-anxiety_general,00:29:39,Completed successfully
Succeeded,mm5qn3fornt42cht,cox_ipw-cohort_vax-sub_age_80_110-depression,00:31:50,Completed successfully
Succeeded,w7fzlf423tcb6jsz,cox_ipw-cohort_vax-sub_age_80_110-serious_mental_illness,00:07:53,Completed successfully
Succeeded,3sx7grqtah2vtsww,cox_ipw-cohort_vax-sub_covid_history-addiction,00:06:03,Completed successfully
Succeeded,m64fnf7xa7ulkiz4,cox_ipw-cohort_vax-sub_covid_history-anxiety_general,00:17:01,Completed successfully
Succeeded,aw6t4khzp6segn5c,cox_ipw-cohort_vax-sub_covid_history-anxiety_ptsd,00:10:56,Completed successfully
Succeeded,tqsa54a5pfwmhav2,cox_ipw-cohort_vax-sub_covid_history-depression,00:17:14,Completed successfully
Succeeded,h4jmjhjtspolq2cc,cox_ipw-cohort_vax-sub_covid_history-eating_disorders,00:04:39,Completed successfully
Succeeded,jzm4gvcgmxllzzhg,cox_ipw-cohort_vax-sub_covid_history-self_harm,00:19:04,Completed successfully
Succeeded,vw6l2hbbglgk4q6c,cox_ipw-cohort_vax-sub_covid_history-serious_mental_illness,00:22:47,Completed successfully
Succeeded,gk2vnks6crzz7wsk,cox_ipw-cohort_vax-sub_covid_history-suicide,00:19:21,Completed successfully
Succeeded,7kgfo3x5op7gugby,cox_ipw-cohort_vax-sub_covid_hospitalised-addiction,01:11:35,Completed successfully
Succeeded,yv6fu2ih27oiopoa,cox_ipw-cohort_vax-sub_covid_hospitalised-anxiety_general,01:24:35,Completed successfully
Succeeded,pmwst7wq6paxlvku,cox_ipw-cohort_vax-sub_covid_hospitalised-anxiety_ptsd,01:38:50,Completed successfully
Succeeded,7j7iftyql3i5qnfi,cox_ipw-cohort_vax-sub_covid_hospitalised-depression,01:25:58,Completed successfully
Succeeded,zj5g6ajcxpmwhkjy,cox_ipw-cohort_vax-sub_covid_hospitalised-eating_disorders,01:33:23,Completed successfully
Succeeded,fbn6i63efgoc4st5,cox_ipw-cohort_vax-sub_covid_hospitalised-self_harm,01:10:07,Completed successfully
Succeeded,wg237ygvj5azpefy,cox_ipw-cohort_vax-sub_covid_hospitalised-serious_mental_illness,01:25:12,Completed successfully
Succeeded,sm5et7yctggzifxt,cox_ipw-cohort_vax-sub_covid_hospitalised-suicide,01:17:40,Completed successfully
Succeeded,6bkv2ywdsvl2t3nh,make_model_input-cohort_prevax_extf-sub_age_18_39-anxiety_general,00:23:36,Completed successfully
Succeeded,kfd7ykzb4ev5sfh2,make_model_input-cohort_prevax_extf-sub_age_18_39-depression,00:23:13,Completed successfully
Succeeded,crfqi4jarksns5ky,make_model_input-cohort_prevax_extf-sub_age_18_39-serious_mental_illness,00:24:48,Completed successfully
Succeeded,ll7lvdu2tzxrdyo5,make_model_input-cohort_prevax_extf-sub_age_40_59-anxiety_general,00:50:56,Completed successfully
Succeeded,ax5wnee6kvssduai,make_model_input-cohort_prevax_extf-sub_age_40_59-depression,00:28:05,Completed successfully
Succeeded,bjtnu2hllc2lnlbo,make_model_input-cohort_prevax_extf-sub_age_40_59-serious_mental_illness,00:24:55,Completed successfully
Succeeded,dmrslo6repbujzhu,make_model_input-cohort_prevax_extf-sub_age_60_79-anxiety_general,00:42:31,Completed successfully
Succeeded,xk7a7sr75u2ra3oz,make_model_input-cohort_prevax_extf-sub_age_60_79-depression,00:23:43,Completed successfully
Succeeded,hhlbkq7thdrualz5,make_model_input-cohort_prevax_extf-sub_age_60_79-serious_mental_illness,00:33:12,Completed successfully
Succeeded,qhkzv7qbubapqvyp,make_model_input-cohort_prevax_extf-sub_age_80_110-anxiety_general,00:26:31,Completed successfully
Succeeded,6jzkw7llrcrbso43,make_model_input-cohort_prevax_extf-sub_age_80_110-depression,00:34:36,Completed successfully
Succeeded,6qzzsml7wnrbvsc6,make_model_input-cohort_prevax_extf-sub_age_80_110-serious_mental_illness,01:03:15,Completed successfully
Succeeded,cp3st7eztnj7r4it,make_model_input-cohort_prevax_extf-sub_covid_hospitalised-addiction,02:59:58,Completed successfully
Succeeded,m4x2pqgctqyasism,make_model_input-cohort_prevax_extf-sub_covid_hospitalised-anxiety_general,02:41:14,Completed successfully
Succeeded,rcbiyp7s74k6eixh,make_model_input-cohort_prevax_extf-sub_covid_hospitalised-anxiety_ptsd,02:58:24,Completed successfully
Succeeded,ku7rtj3ok6azw6ec,make_model_input-cohort_prevax_extf-sub_covid_hospitalised-depression,02:40:20,Completed successfully
Succeeded,zz6reh7lsgkzciof,make_model_input-cohort_prevax_extf-sub_covid_hospitalised-eating_disorders,03:03:02,Completed successfully
Succeeded,ofsq7gck5mblto2u,make_model_input-cohort_prevax_extf-sub_covid_hospitalised-self_harm,02:44:59,Completed successfully
Succeeded,t2crfyptgdmilff3,make_model_input-cohort_prevax_extf-sub_covid_hospitalised-serious_mental_illness,02:39:33,Completed successfully
Succeeded,fcmjgmhjyoggsfkt,make_model_input-cohort_prevax_extf-sub_covid_hospitalised-suicide,03:08:31,Completed successfully
Succeeded,xqndgndgkiv56qfb,make_model_input-cohort_unvax_extf-sub_age_18_39-anxiety_general,00:25:44,Completed successfully
Succeeded,xdzal5jou42njlvi,make_model_input-cohort_unvax_extf-sub_age_18_39-depression,00:19:04,Completed successfully
Succeeded,upats3o3hmlrbrln,make_model_input-cohort_unvax_extf-sub_age_18_39-serious_mental_illness,00:04:30,Completed successfully
Succeeded,avdfze7udflknoia,make_model_input-cohort_unvax_extf-sub_age_40_59-anxiety_general,00:15:41,Completed successfully
Succeeded,gc2ozsqhejwl5dy4,make_model_input-cohort_unvax_extf-sub_age_40_59-depression,00:04:52,Completed successfully
Succeeded,eopxmosygrbua66l,make_model_input-cohort_unvax_extf-sub_age_40_59-serious_mental_illness,00:20:40,Completed successfully
Succeeded,ajoi7o3sjckbhuqb,make_model_input-cohort_unvax_extf-sub_age_60_79-anxiety_general,00:24:24,Completed successfully
Succeeded,4husflyajwjp6iqf,make_model_input-cohort_unvax_extf-sub_age_60_79-depression,00:05:54,Completed successfully
Succeeded,fruwho4ue5erznxg,make_model_input-cohort_unvax_extf-sub_age_60_79-serious_mental_illness,00:07:56,Completed successfully
Succeeded,vczkkvqrof4vmiyj,make_model_input-cohort_unvax_extf-sub_age_80_110-anxiety_general,00:03:57,Completed successfully
Succeeded,2op36jn4jwiy3bz7,make_model_input-cohort_unvax_extf-sub_age_80_110-depression,00:03:07,Completed successfully
Succeeded,d6qf7tos54u5bedi,make_model_input-cohort_unvax_extf-sub_age_80_110-serious_mental_illness,00:08:02,Completed successfully
Succeeded,dqj4jo5rbhzck6lg,make_model_input-cohort_unvax_extf-sub_covid_history-anxiety_general,00:31:18,Completed successfully
Succeeded,5vm452nhizxinlt6,make_model_input-cohort_unvax_extf-sub_covid_history-depression,00:03:57,Completed successfully
Succeeded,5i4st2vp3opsfg3h,make_model_input-cohort_unvax_extf-sub_covid_history-serious_mental_illness,00:20:27,Completed successfully
Succeeded,7x6d5ry7wmzcffec,make_model_input-cohort_unvax_extf-sub_covid_hospitalised-addiction,00:45:54,Completed successfully
Succeeded,llu5g55wbroejuah,make_model_input-cohort_unvax_extf-sub_covid_hospitalised-anxiety_general,00:20:00,Completed successfully
Succeeded,eu3c7ozmajaogeom,make_model_input-cohort_unvax_extf-sub_covid_hospitalised-anxiety_ptsd,00:18:42,Completed successfully
Succeeded,6cxzf45pchzijvuv,make_model_input-cohort_unvax_extf-sub_covid_hospitalised-depression,00:17:38,Completed successfully
Succeeded,n4v3isd5en5zvefw,make_model_input-cohort_unvax_extf-sub_covid_hospitalised-eating_disorders,00:18:55,Completed successfully
Succeeded,aqx2xufv6fioj2bs,make_model_input-cohort_unvax_extf-sub_covid_hospitalised-self_harm,00:50:34,Completed successfully
Succeeded,rwm62abwgnlorv45,make_model_input-cohort_unvax_extf-sub_covid_hospitalised-serious_mental_illness,00:19:14,Completed successfully
Succeeded,hjdajbha46ukwjow,make_model_input-cohort_unvax_extf-sub_covid_hospitalised-suicide,00:27:39,Completed successfully
Succeeded,6wyr54tartfyzxmu,make_model_input-cohort_vax-sub_age_18_39-anxiety_general,00:38:51,Completed successfully
Succeeded,xc6cixsthboca5r3,make_model_input-cohort_vax-sub_age_18_39-depression,00:20:59,Completed successfully
Succeeded,eaypyh2fv6q3hasa,make_model_input-cohort_vax-sub_age_18_39-serious_mental_illness,00:23:43,Completed successfully
Succeeded,wozgivql3qgqkqlq,make_model_input-cohort_vax-sub_age_40_59-anxiety_general,00:19:47,Completed successfully
Succeeded,4rrvdkeuf4zdn7i6,make_model_input-cohort_vax-sub_age_40_59-depression,00:23:23,Completed successfully
Succeeded,pbryqkotrgvrplpo,make_model_input-cohort_vax-sub_age_40_59-serious_mental_illness,00:50:57,Completed successfully
Succeeded,wqkc25slcvfk6dze,make_model_input-cohort_vax-sub_age_60_79-anxiety_general,00:19:21,Completed successfully
Succeeded,p7uu6lulvla4riux,make_model_input-cohort_vax-sub_age_60_79-depression,00:22:29,Completed successfully
Succeeded,qwbqr7yx3jlszuyw,make_model_input-cohort_vax-sub_age_60_79-serious_mental_illness,00:19:12,Completed successfully
Succeeded,w5vzh53h3j6s632p,make_model_input-cohort_vax-sub_age_80_110-anxiety_general,00:48:51,Completed successfully
Succeeded,z5koibkxu2ulvffp,make_model_input-cohort_vax-sub_age_80_110-depression,01:00:13,Completed successfully
Succeeded,ipuchpo5qszlbpuz,make_model_input-cohort_vax-sub_age_80_110-serious_mental_illness,00:17:08,Completed successfully
Succeeded,7fehft2kijssle3s,make_model_input-cohort_vax-sub_covid_history-addiction,01:01:48,Completed successfully
Succeeded,hwwn5ip4m7yk6uij,make_model_input-cohort_vax-sub_covid_history-anxiety_general,00:56:17,Completed successfully
Succeeded,seyv4dzwmx6v7upt,make_model_input-cohort_vax-sub_covid_history-anxiety_ptsd,00:50:07,Completed successfully
Succeeded,6dwaqv6sicqfva66,make_model_input-cohort_vax-sub_covid_history-depression,00:17:15,Completed successfully
Succeeded,eeo4imqfga2ocjzd,make_model_input-cohort_vax-sub_covid_history-eating_disorders,00:23:46,Completed successfully
Succeeded,fexxw6wmdozmu46y,make_model_input-cohort_vax-sub_covid_history-self_harm,00:19:57,Completed successfully
Succeeded,lqj3opryhxxh67jx,make_model_input-cohort_vax-sub_covid_history-serious_mental_illness,00:43:33,Completed successfully
Succeeded,dbuu5rhktnakozya,make_model_input-cohort_vax-sub_covid_history-suicide,00:29:46,Completed successfully
Succeeded,tkux32wi6dvmkkui,make_model_input-cohort_vax-sub_covid_hospitalised-addiction,02:00:00,Completed successfully
Succeeded,wahq4hg57akgii3a,make_model_input-cohort_vax-sub_covid_hospitalised-anxiety_general,02:37:02,Completed successfully
Succeeded,xchas4wjvfklgoh6,make_model_input-cohort_vax-sub_covid_hospitalised-anxiety_ptsd,02:03:33,Completed successfully
Succeeded,c2x3smtssqqygpl7,make_model_input-cohort_vax-sub_covid_hospitalised-depression,02:12:24,Completed successfully
Succeeded,rumeatvmtq2me54j,make_model_input-cohort_vax-sub_covid_hospitalised-eating_disorders,02:06:13,Completed successfully
Succeeded,sp7bw5s5njv4z6al,make_model_input-cohort_vax-sub_covid_hospitalised-self_harm,02:04:08,Completed successfully
Succeeded,tnyxmz7ysgdokslx,make_model_input-cohort_vax-sub_covid_hospitalised-serious_mental_illness,02:17:44,Completed successfully
Succeeded,bkowfzj3ze2lhkfz,make_model_input-cohort_vax-sub_covid_hospitalised-suicide,02:14:19,Completed successfully
Succeeded,vctefqefut3y74io,cox_ipw-cohort_prevax_extf-sub_covid_nonhospitalised-addiction,02:22:19,Completed successfully
Succeeded,rv4jyvw5bdogbbta,cox_ipw-cohort_prevax_extf-sub_covid_nonhospitalised-anxiety_general,05:47:40,Completed successfully
Succeeded,pfmms7nqxjmtgddv,cox_ipw-cohort_prevax_extf-sub_covid_nonhospitalised-anxiety_ptsd,02:15:01,Completed successfully
Succeeded,rzc4ouckxlfrs7wz,cox_ipw-cohort_prevax_extf-sub_covid_nonhospitalised-depression,05:48:30,Completed successfully
Succeeded,qomzw47fyotgpc67,cox_ipw-cohort_prevax_extf-sub_covid_nonhospitalised-eating_disorders,02:16:48,Completed successfully
Succeeded,qciwdd3l73xd7irv,cox_ipw-cohort_prevax_extf-sub_covid_nonhospitalised-self_harm,02:42:13,Completed successfully
Succeeded,xzbnucdxp45pktp4,cox_ipw-cohort_prevax_extf-sub_covid_nonhospitalised-serious_mental_illness,03:13:29,Completed successfully
Succeeded,tx6i7uou5sdaoumr,cox_ipw-cohort_prevax_extf-sub_covid_nonhospitalised-suicide,02:23:28,Completed successfully
Succeeded,y7ig7xbrwilhzgw2,cox_ipw-cohort_prevax_extf-sub_ethnicity_asian-anxiety_general,00:29:46,Completed successfully
Succeeded,eh2tnl6jotrbzpk2,cox_ipw-cohort_prevax_extf-sub_ethnicity_asian-depression,00:34:39,Completed successfully
Succeeded,os2pecqxkilq3jfc,cox_ipw-cohort_prevax_extf-sub_ethnicity_asian-serious_mental_illness,00:13:55,Completed successfully
Succeeded,pxwegdiihcwv6hdp,cox_ipw-cohort_prevax_extf-sub_ethnicity_black-anxiety_general,00:07:44,Completed successfully
Succeeded,kqyy4pynqdzidgtm,cox_ipw-cohort_prevax_extf-sub_ethnicity_black-depression,00:11:10,Completed successfully
Succeeded,7jnia7dehs6jcaia,cox_ipw-cohort_prevax_extf-sub_ethnicity_black-serious_mental_illness,00:26:47,Completed successfully
Succeeded,qlhdan4wamklu6zj,cox_ipw-cohort_prevax_extf-sub_ethnicity_mixed-anxiety_general,00:09:32,Completed successfully
Succeeded,7lqfuzxavllkepl5,cox_ipw-cohort_prevax_extf-sub_ethnicity_mixed-depression,00:03:56,Completed successfully
Succeeded,g6pg7kkah7wahmud,cox_ipw-cohort_prevax_extf-sub_ethnicity_mixed-serious_mental_illness,00:07:56,Completed successfully
Succeeded,5xvmfhh6dyow3h53,cox_ipw-cohort_prevax_extf-sub_ethnicity_other-anxiety_general,00:10:31,Completed successfully
Succeeded,z3f4ht5ooj5mb2wq,cox_ipw-cohort_prevax_extf-sub_ethnicity_other-depression,00:06:31,Completed successfully
Succeeded,yno2ypbfojdolzlk,cox_ipw-cohort_prevax_extf-sub_ethnicity_other-serious_mental_illness,00:20:29,Completed successfully
Succeeded,d2weejp5h23gfrbb,cox_ipw-cohort_prevax_extf-sub_ethnicity_white-anxiety_general,03:29:44,Completed successfully
Succeeded,pbl34xs7rp63xynp,cox_ipw-cohort_prevax_extf-sub_ethnicity_white-depression,03:36:10,Completed successfully
Succeeded,2wvughbg7tbzzznb,cox_ipw-cohort_prevax_extf-sub_ethnicity_white-serious_mental_illness,02:03:06,Completed successfully
Succeeded,spn4e7q7pfpglohj,cox_ipw-cohort_prevax_extf-sub_history_none-anxiety_general,02:42:22,Completed successfully
Succeeded,ml2izbj65s6fsaap,cox_ipw-cohort_prevax_extf-sub_history_none-depression,02:27:22,Completed successfully
Succeeded,l6kg44ifiryn3x7j,cox_ipw-cohort_prevax_extf-sub_history_none-serious_mental_illness,02:24:00,Completed successfully
Succeeded,hhxctfwzfwofguym,cox_ipw-cohort_prevax_extf-sub_history_notrecent-anxiety_general,01:03:46,Completed successfully
Succeeded,2hprlj236utbe6ur,cox_ipw-cohort_prevax_extf-sub_history_notrecent-depression,01:36:33,Completed successfully
Succeeded,r7kunrh6lv4occ4t,cox_ipw-cohort_prevax_extf-sub_history_notrecent-serious_mental_illness,00:52:02,Completed successfully
Succeeded,hvznggvqafgqcsn3,cox_ipw-cohort_prevax_extf-sub_history_recent-anxiety_general,00:14:22,Completed successfully
Succeeded,pekst3t53ntxavdc,cox_ipw-cohort_prevax_extf-sub_history_recent-depression,00:11:57,Completed successfully
Succeeded,3eq2j5l3jbqhtmk3,cox_ipw-cohort_prevax_extf-sub_history_recent-serious_mental_illness,00:02:46,Completed successfully
Succeeded,f5pd4mjonswtry3h,cox_ipw-cohort_prevax_extf-sub_sex_female-anxiety_general,02:04:17,Completed successfully
Succeeded,xadajdp4hd5xkr7y,cox_ipw-cohort_prevax_extf-sub_sex_female-depression,02:50:48,Completed successfully
Succeeded,meb2ehjki63eay2l,cox_ipw-cohort_prevax_extf-sub_sex_female-serious_mental_illness,01:23:54,Completed successfully
Succeeded,w5ifx26itkjrok5j,cox_ipw-cohort_prevax_extf-sub_sex_male-anxiety_general,01:37:20,Completed successfully
Succeeded,k4bmksipzl7sj5mc,cox_ipw-cohort_prevax_extf-sub_sex_male-depression,02:02:58,Completed successfully
Succeeded,sxp7wando6zabbcn,cox_ipw-cohort_prevax_extf-sub_sex_male-serious_mental_illness,01:15:40,Completed successfully
Succeeded,4hhzysuuzth4et7s,cox_ipw-cohort_unvax_extf-sub_covid_nonhospitalised-addiction,00:13:22,Completed successfully
Succeeded,462p2k4v2dh3ye4p,cox_ipw-cohort_unvax_extf-sub_covid_nonhospitalised-anxiety_general,00:17:19,Completed successfully
Succeeded,m6gl6m7jupbscrah,cox_ipw-cohort_unvax_extf-sub_covid_nonhospitalised-anxiety_ptsd,00:13:14,Completed successfully
Succeeded,4n7txwysgc4wud72,cox_ipw-cohort_unvax_extf-sub_covid_nonhospitalised-depression,00:21:41,Completed successfully
Succeeded,mvwjkb43wvfjqxpx,cox_ipw-cohort_unvax_extf-sub_covid_nonhospitalised-eating_disorders,00:10:12,Completed successfully
Succeeded,zelpkkzwsgbpszkc,cox_ipw-cohort_unvax_extf-sub_covid_nonhospitalised-self_harm,00:14:34,Completed successfully
Succeeded,w2cjp6x67wekwtyn,cox_ipw-cohort_unvax_extf-sub_covid_nonhospitalised-serious_mental_illness,00:23:27,Completed successfully
Succeeded,kmyo37xhul2hjzom,cox_ipw-cohort_unvax_extf-sub_covid_nonhospitalised-suicide,00:11:54,Completed successfully
Succeeded,rs2xlb4hkbw7c5fd,cox_ipw-cohort_unvax_extf-sub_ethnicity_asian-anxiety_general,00:02:03,Completed successfully
Succeeded,xkpmhv5adbze53sk,cox_ipw-cohort_unvax_extf-sub_ethnicity_asian-depression,00:05:10,Completed successfully
Succeeded,5omlmndw3lelqh47,cox_ipw-cohort_unvax_extf-sub_ethnicity_asian-serious_mental_illness,00:05:01,Completed successfully
Succeeded,p6xyo3hryogxb7ls,cox_ipw-cohort_unvax_extf-sub_ethnicity_black-anxiety_general,00:14:12,Completed successfully
Succeeded,4tnng4serakfnz53,cox_ipw-cohort_unvax_extf-sub_ethnicity_black-depression,00:10:21,Completed successfully
Succeeded,xwbdcmjqfi3dgutt,cox_ipw-cohort_unvax_extf-sub_ethnicity_black-serious_mental_illness,00:07:08,Completed successfully
Succeeded,kobwthga4muovaf7,cox_ipw-cohort_unvax_extf-sub_ethnicity_mixed-anxiety_general,00:02:53,Completed successfully
Succeeded,ek3qzt3bsuza3m3f,cox_ipw-cohort_unvax_extf-sub_ethnicity_mixed-depression,00:14:43,Completed successfully
Succeeded,6f5badv435vqgppm,cox_ipw-cohort_unvax_extf-sub_ethnicity_mixed-serious_mental_illness,00:08:10,Completed successfully
Succeeded,mowojfhsv3wjyfua,cox_ipw-cohort_unvax_extf-sub_ethnicity_other-anxiety_general,00:03:30,Completed successfully
Succeeded,hnme64w57fr4c7sr,cox_ipw-cohort_unvax_extf-sub_ethnicity_other-depression,00:02:29,Completed successfully
Succeeded,yy6fjg7skvem44ad,cox_ipw-cohort_unvax_extf-sub_ethnicity_other-serious_mental_illness,00:06:39,Completed successfully
Succeeded,lmooquvkparsaprw,cox_ipw-cohort_unvax_extf-sub_ethnicity_white-anxiety_general,00:11:21,Completed successfully
Succeeded,v4xajsmsrpocpu3i,cox_ipw-cohort_unvax_extf-sub_ethnicity_white-depression,00:10:22,Completed successfully
Succeeded,s5r33p73ih44gtru,cox_ipw-cohort_unvax_extf-sub_ethnicity_white-serious_mental_illness,00:08:20,Completed successfully
Succeeded,fvsts355mz345rdv,cox_ipw-cohort_unvax_extf-sub_history_none-anxiety_general,00:14:43,Completed successfully
Succeeded,tdtvurwszi3rsxnu,cox_ipw-cohort_unvax_extf-sub_history_none-depression,00:13:31,Completed successfully
Succeeded,pppjuqxwal74lkpz,cox_ipw-cohort_unvax_extf-sub_history_none-serious_mental_illness,00:13:48,Completed successfully
Succeeded,crcyosicq3ctsxlp,cox_ipw-cohort_unvax_extf-sub_history_notrecent-anxiety_general,00:02:45,Completed successfully
Succeeded,got5c7qsjufz64aw,cox_ipw-cohort_unvax_extf-sub_history_notrecent-depression,00:06:42,Completed successfully
Succeeded,6apkozsxz763hx6l,cox_ipw-cohort_unvax_extf-sub_history_notrecent-serious_mental_illness,00:03:54,Completed successfully
Succeeded,lkxuaure3mkir445,cox_ipw-cohort_unvax_extf-sub_history_recent-anxiety_general,00:06:51,Completed successfully
Succeeded,x2jp2tlkkuhn3oeg,cox_ipw-cohort_unvax_extf-sub_history_recent-depression,00:03:03,Completed successfully
Succeeded,bpmte3bbhfareljf,cox_ipw-cohort_unvax_extf-sub_history_recent-serious_mental_illness,00:15:52,Completed successfully
Succeeded,g7yxwtwdqgvu25fq,cox_ipw-cohort_unvax_extf-sub_sex_female-anxiety_general,00:10:08,Completed successfully
Succeeded,phlzrdgvoh7zkrrt,cox_ipw-cohort_unvax_extf-sub_sex_female-depression,00:26:01,Completed successfully
Succeeded,jlhvxo43ddrwtnjq,cox_ipw-cohort_unvax_extf-sub_sex_female-serious_mental_illness,00:18:52,Completed successfully
Succeeded,5crlrkbeouwmhqvm,cox_ipw-cohort_unvax_extf-sub_sex_male-anxiety_general,00:08:50,Completed successfully
Succeeded,t5ntwtle5kk5tthb,cox_ipw-cohort_unvax_extf-sub_sex_male-depression,00:13:06,Completed successfully
Succeeded,upvpiq6775ycaufc,cox_ipw-cohort_unvax_extf-sub_sex_male-serious_mental_illness,00:09:19,Completed successfully
Succeeded,5r2voai7zn4fx5bn,cox_ipw-cohort_vax-sub_covid_nonhospitalised-addiction,01:19:51,Completed successfully
Succeeded,r57ktg76jo6nmttx,cox_ipw-cohort_vax-sub_covid_nonhospitalised-anxiety_general,01:47:28,Completed successfully
Succeeded,y32vl3tfidczf7gk,cox_ipw-cohort_vax-sub_covid_nonhospitalised-anxiety_ptsd,01:20:43,Completed successfully
Succeeded,3uajaun6uagfse66,cox_ipw-cohort_vax-sub_covid_nonhospitalised-depression,01:41:26,Completed successfully
Failed,gwvyhnljdkyfimpt,cox_ipw-cohort_vax-sub_covid_nonhospitalised-eating_disorders,01:13:19,Job exited with an error
Succeeded,rnfkvwpieqtdv5ik,cox_ipw-cohort_vax-sub_covid_nonhospitalised-self_harm,01:22:27,Completed successfully
Succeeded,iqfkhhlgzhj6aqis,cox_ipw-cohort_vax-sub_covid_nonhospitalised-serious_mental_illness,01:29:20,Completed successfully
Succeeded,4obaznbe6v4vhkaz,cox_ipw-cohort_vax-sub_covid_nonhospitalised-suicide,01:17:27,Completed successfully
Succeeded,zanqkjiehifzx6hr,cox_ipw-cohort_vax-sub_ethnicity_asian-anxiety_general,00:29:55,Completed successfully
Succeeded,if3fpehuewnk7t7v,cox_ipw-cohort_vax-sub_ethnicity_asian-depression,00:15:47,Completed successfully
Succeeded,mgvfjprpciooseq7,cox_ipw-cohort_vax-sub_ethnicity_asian-serious_mental_illness,00:05:11,Completed successfully
Succeeded,34sd255gecvkg7q5,cox_ipw-cohort_vax-sub_ethnicity_black-anxiety_general,00:13:08,Completed successfully
Succeeded,b36pejmuh2nhltzc,cox_ipw-cohort_vax-sub_ethnicity_black-depression,00:04:13,Completed successfully
Succeeded,napfxqadw4ziqqoa,cox_ipw-cohort_vax-sub_ethnicity_black-serious_mental_illness,00:14:01,Completed successfully
Succeeded,noaiuylidytuufbk,cox_ipw-cohort_vax-sub_ethnicity_mixed-anxiety_general,00:11:33,Completed successfully
Succeeded,glc3e4qchqpuva67,cox_ipw-cohort_vax-sub_ethnicity_mixed-depression,00:04:09,Completed successfully
Succeeded,snh36r6era366dsd,cox_ipw-cohort_vax-sub_ethnicity_mixed-serious_mental_illness,00:48:50,Completed successfully
Succeeded,ne6rjuoqbrapc7ra,cox_ipw-cohort_vax-sub_ethnicity_other-anxiety_general,00:09:16,Completed successfully
Succeeded,luic7srx6igri7lj,cox_ipw-cohort_vax-sub_ethnicity_other-depression,00:09:46,Completed successfully
Succeeded,5ne4dvwl62qa35pa,cox_ipw-cohort_vax-sub_ethnicity_other-serious_mental_illness,00:15:31,Completed successfully
Succeeded,ia7sthyglcode2aq,cox_ipw-cohort_vax-sub_ethnicity_white-anxiety_general,01:18:54,Completed successfully
Succeeded,qik2fvmgryccdcl4,cox_ipw-cohort_vax-sub_ethnicity_white-depression,01:30:38,Completed successfully
Succeeded,6zqluk2li7qdli34,cox_ipw-cohort_vax-sub_ethnicity_white-serious_mental_illness,01:14:57,Completed successfully
Succeeded,hbq6jkeehghjfwsb,cox_ipw-cohort_vax-sub_history_none-anxiety_general,01:00:35,Completed successfully
Succeeded,pxldj76kyrg4razl,cox_ipw-cohort_vax-sub_history_none-depression,00:54:53,Completed successfully
Succeeded,pwslpawxtgdyohbr,cox_ipw-cohort_vax-sub_history_none-serious_mental_illness,01:20:50,Completed successfully
Succeeded,dcd2jmyupiccc5br,cox_ipw-cohort_vax-sub_history_notrecent-anxiety_general,00:23:04,Completed successfully
Succeeded,onxob7itlelhpcr2,cox_ipw-cohort_vax-sub_history_notrecent-depression,00:37:23,Completed successfully
Succeeded,q4j5cs2fyd5a3dun,cox_ipw-cohort_vax-sub_history_notrecent-serious_mental_illness,00:17:56,Completed successfully
Succeeded,lofjoljvvyt4dkfd,cox_ipw-cohort_vax-sub_history_recent-anxiety_general,00:07:50,Completed successfully
Succeeded,unedue2u3mj3fscz,cox_ipw-cohort_vax-sub_history_recent-depression,00:05:14,Completed successfully
Succeeded,vwa5k6zqnrezra4q,cox_ipw-cohort_vax-sub_history_recent-serious_mental_illness,00:05:51,Completed successfully
Succeeded,mmzbx7aby5lmrj7m,cox_ipw-cohort_vax-sub_sex_female-anxiety_general,00:52:45,Completed successfully
Succeeded,3j3nvsjdkejklupw,cox_ipw-cohort_vax-sub_sex_female-depression,00:54:59,Completed successfully
Succeeded,iqtah325rh6kj5a3,cox_ipw-cohort_vax-sub_sex_female-serious_mental_illness,00:45:04,Completed successfully
Succeeded,kmgmyl272l4iqdt2,cox_ipw-cohort_vax-sub_sex_male-anxiety_general,00:43:38,Completed successfully
Succeeded,rumjeaajxlrkxuo7,cox_ipw-cohort_vax-sub_sex_male-depression,00:43:15,Completed successfully
Succeeded,7dnlqipfjnynkdis,cox_ipw-cohort_vax-sub_sex_male-serious_mental_illness,00:44:38,Completed successfully
Succeeded,jn62fva7xuz7jvfs,make_model_input-cohort_prevax_extf-sub_covid_nonhospitalised-addiction,02:54:06,Completed successfully
Succeeded,drgczaubpalxismb,make_model_input-cohort_prevax_extf-sub_covid_nonhospitalised-anxiety_general,02:49:06,Completed successfully
Succeeded,puvme2gpisi3a7ex,make_model_input-cohort_prevax_extf-sub_covid_nonhospitalised-anxiety_ptsd,02:52:00,Completed successfully
Succeeded,3bt6rqmn4z53ozd5,make_model_input-cohort_prevax_extf-sub_covid_nonhospitalised-depression,02:40:03,Completed successfully
Succeeded,ilpexqyx3nvmhnsl,make_model_input-cohort_prevax_extf-sub_covid_nonhospitalised-eating_disorders,02:54:24,Completed successfully
Succeeded,nq7lcp4mdruahgiq,make_model_input-cohort_prevax_extf-sub_covid_nonhospitalised-self_harm,02:39:53,Completed successfully
Succeeded,bq6sgbrj7oairybt,make_model_input-cohort_prevax_extf-sub_covid_nonhospitalised-serious_mental_illness,02:54:25,Completed successfully
Succeeded,ubld7ui77oe6qidn,make_model_input-cohort_prevax_extf-sub_covid_nonhospitalised-suicide,02:57:11,Completed successfully
Succeeded,dzzavkj6cysio6it,make_model_input-cohort_prevax_extf-sub_ethnicity_asian-anxiety_general,00:32:22,Completed successfully
Succeeded,74ptxbbgr3q7rh67,make_model_input-cohort_prevax_extf-sub_ethnicity_asian-depression,00:39:36,Completed successfully
Succeeded,efojlyupte4vgjgy,make_model_input-cohort_prevax_extf-sub_ethnicity_asian-serious_mental_illness,00:23:00,Completed successfully
Succeeded,nqofq543fliox6nu,make_model_input-cohort_prevax_extf-sub_ethnicity_black-anxiety_general,00:29:15,Completed successfully
Succeeded,p6bimxnibbh5ab2o,make_model_input-cohort_prevax_extf-sub_ethnicity_black-depression,00:44:21,Completed successfully
Succeeded,eqkg22uqmurkpb3a,make_model_input-cohort_prevax_extf-sub_ethnicity_black-serious_mental_illness,00:45:46,Completed successfully
Succeeded,mr6xy6moa2vba42q,make_model_input-cohort_prevax_extf-sub_ethnicity_mixed-anxiety_general,00:53:07,Completed successfully
Succeeded,ubnhrnll4kkq25eu,make_model_input-cohort_prevax_extf-sub_ethnicity_mixed-depression,00:26:17,Completed successfully
Succeeded,pfhqyfr57wuxm25k,make_model_input-cohort_prevax_extf-sub_ethnicity_mixed-serious_mental_illness,00:27:22,Completed successfully
Succeeded,z72kvq2zup4xqp7x,make_model_input-cohort_prevax_extf-sub_ethnicity_other-anxiety_general,00:29:01,Completed successfully
Succeeded,7ucpxq3bs26h4x3j,make_model_input-cohort_prevax_extf-sub_ethnicity_other-depression,00:24:09,Completed successfully
Succeeded,swtuwntwqjtxgmmx,make_model_input-cohort_prevax_extf-sub_ethnicity_other-serious_mental_illness,00:25:46,Completed successfully
Succeeded,vewklzzecd5ok26r,make_model_input-cohort_prevax_extf-sub_ethnicity_white-anxiety_general,00:57:14,Completed successfully
Succeeded,kv7o72fcif3xinar,make_model_input-cohort_prevax_extf-sub_ethnicity_white-depression,00:27:15,Completed successfully
Succeeded,aphqaxm2s7obaswm,make_model_input-cohort_prevax_extf-sub_ethnicity_white-serious_mental_illness,00:28:49,Completed successfully
Succeeded,7jb3z5hj4w4hs7je,make_model_input-cohort_prevax_extf-sub_history_none-anxiety_general,01:03:26,Completed successfully
Succeeded,xaaewcgisc3mxcen,make_model_input-cohort_prevax_extf-sub_history_none-depression,00:28:58,Completed successfully
Succeeded,hszuz3mkhhwowheb,make_model_input-cohort_prevax_extf-sub_history_none-serious_mental_illness,00:43:04,Completed successfully
Succeeded,lfvcqhc36hk64jzb,make_model_input-cohort_prevax_extf-sub_history_notrecent-anxiety_general,00:23:06,Completed successfully
Succeeded,otxyvlfbwoq3toza,make_model_input-cohort_prevax_extf-sub_history_notrecent-depression,00:22:52,Completed successfully
Succeeded,niy2yha74g4xu56x,make_model_input-cohort_prevax_extf-sub_history_notrecent-serious_mental_illness,00:56:35,Completed successfully
Succeeded,wbuurtu77wdhodhl,make_model_input-cohort_prevax_extf-sub_history_recent-anxiety_general,00:40:34,Completed successfully
Succeeded,rj45xet43v2g747u,make_model_input-cohort_prevax_extf-sub_history_recent-depression,00:25:05,Completed successfully
Succeeded,doodfyw4f4jmxljz,make_model_input-cohort_prevax_extf-sub_history_recent-serious_mental_illness,00:29:04,Completed successfully
Succeeded,x4v5fgmne7tvx57m,make_model_input-cohort_prevax_extf-sub_sex_female-anxiety_general,00:37:48,Completed successfully
Succeeded,dsd34uaqelsayw24,make_model_input-cohort_prevax_extf-sub_sex_female-depression,00:25:36,Completed successfully
Succeeded,s2cs23xw7b5qzqjc,make_model_input-cohort_prevax_extf-sub_sex_female-serious_mental_illness,00:27:47,Completed successfully
Succeeded,j3mucjowb6h2sfou,make_model_input-cohort_prevax_extf-sub_sex_male-anxiety_general,00:53:39,Completed successfully
Succeeded,v6p5vm4ednebidlp,make_model_input-cohort_prevax_extf-sub_sex_male-depression,01:04:37,Completed successfully
Succeeded,objyerzf6nts7kgf,make_model_input-cohort_prevax_extf-sub_sex_male-serious_mental_illness,00:34:20,Completed successfully
Succeeded,sl45ldkzbswqnijv,make_model_input-cohort_unvax_extf-sub_covid_nonhospitalised-addiction,00:26:09,Completed successfully
Succeeded,7csu7uhdiskiqukq,make_model_input-cohort_unvax_extf-sub_covid_nonhospitalised-anxiety_general,00:53:12,Completed successfully
Succeeded,fruzaphmbhqupkh2,make_model_input-cohort_unvax_extf-sub_covid_nonhospitalised-anxiety_ptsd,00:34:31,Completed successfully
Succeeded,lc4bxksz2vjg2hdt,make_model_input-cohort_unvax_extf-sub_covid_nonhospitalised-depression,00:30:41,Completed successfully
Succeeded,grrxj4rnvn2y5h3e,make_model_input-cohort_unvax_extf-sub_covid_nonhospitalised-eating_disorders,00:18:26,Completed successfully
Succeeded,ifbqigjnucjutzpo,make_model_input-cohort_unvax_extf-sub_covid_nonhospitalised-self_harm,00:19:54,Completed successfully
Succeeded,czp2h3ec62dtunod,make_model_input-cohort_unvax_extf-sub_covid_nonhospitalised-serious_mental_illness,00:46:34,Completed successfully
Succeeded,q6wpdaf73ymdabvl,make_model_input-cohort_unvax_extf-sub_covid_nonhospitalised-suicide,00:19:53,Completed successfully
Succeeded,yacht2h7ubwexedb,make_model_input-cohort_unvax_extf-sub_ethnicity_asian-anxiety_general,00:04:59,Completed successfully
Succeeded,xtug3nxm4oienqzk,make_model_input-cohort_unvax_extf-sub_ethnicity_asian-depression,00:30:17,Completed successfully
Succeeded,sknkoyv5avu3ckky,make_model_input-cohort_unvax_extf-sub_ethnicity_asian-serious_mental_illness,00:17:30,Completed successfully
Succeeded,v7wo6txmmkdrzkrj,make_model_input-cohort_unvax_extf-sub_ethnicity_black-anxiety_general,00:29:11,Completed successfully
Succeeded,sy7htkkimmsqjuk4,make_model_input-cohort_unvax_extf-sub_ethnicity_black-depression,00:25:53,Completed successfully
Succeeded,pbu5b6n7umh7a2ya,make_model_input-cohort_unvax_extf-sub_ethnicity_black-serious_mental_illness,00:15:54,Completed successfully
Succeeded,puvuhj7fuaxuenom,make_model_input-cohort_unvax_extf-sub_ethnicity_mixed-anxiety_general,00:19:02,Completed successfully
Succeeded,wswvhdkcxmof5eyi,make_model_input-cohort_unvax_extf-sub_ethnicity_mixed-depression,00:09:31,Completed successfully
Succeeded,i5oo4277j5bl2bfo,make_model_input-cohort_unvax_extf-sub_ethnicity_mixed-serious_mental_illness,00:19:12,Completed successfully
Succeeded,d45uhknrr3nvk4hz,make_model_input-cohort_unvax_extf-sub_ethnicity_other-anxiety_general,00:15:03,Completed successfully
Succeeded,m6nsxtphij7jgfdp,make_model_input-cohort_unvax_extf-sub_ethnicity_other-depression,00:04:55,Completed successfully
Succeeded,flidpbmer6tslwu7,make_model_input-cohort_unvax_extf-sub_ethnicity_other-serious_mental_illness,00:43:13,Completed successfully
Succeeded,mg6i2jrc7pe4huko,make_model_input-cohort_unvax_extf-sub_ethnicity_white-anxiety_general,00:34:40,Completed successfully
Succeeded,pum6qjtmmc4z3zqo,make_model_input-cohort_unvax_extf-sub_ethnicity_white-depression,00:11:02,Completed successfully
Succeeded,7nlmjlly5hhrzry7,make_model_input-cohort_unvax_extf-sub_ethnicity_white-serious_mental_illness,00:04:29,Completed successfully
Succeeded,vlcfa4at65b2qxke,make_model_input-cohort_unvax_extf-sub_history_none-anxiety_general,00:17:52,Completed successfully
Succeeded,4lgbou37dd5dwqnt,make_model_input-cohort_unvax_extf-sub_history_none-depression,00:06:36,Completed successfully
Succeeded,xuwfkkctqb6q7hq4,make_model_input-cohort_unvax_extf-sub_history_none-serious_mental_illness,00:11:49,Completed successfully
Succeeded,qf3ntfjluinnmo3x,make_model_input-cohort_unvax_extf-sub_history_notrecent-anxiety_general,00:02:59,Completed successfully
Succeeded,mioyazikkl5iseof,make_model_input-cohort_unvax_extf-sub_history_notrecent-depression,00:26:31,Completed successfully
Succeeded,eynbatqf5ij6klkf,make_model_input-cohort_unvax_extf-sub_history_notrecent-serious_mental_illness,00:06:55,Completed successfully
Succeeded,tfdgd7f7s5rx6d72,make_model_input-cohort_unvax_extf-sub_history_recent-anxiety_general,00:26:20,Completed successfully
Succeeded,ghr7ny2jo77ldb6b,make_model_input-cohort_unvax_extf-sub_history_recent-depression,00:17:52,Completed successfully
Succeeded,xzoukmwr232qiunv,make_model_input-cohort_unvax_extf-sub_history_recent-serious_mental_illness,00:11:48,Completed successfully
Succeeded,3ikhfde6x2lv5l2h,make_model_input-cohort_unvax_extf-sub_sex_female-anxiety_general,00:21:26,Completed successfully
Succeeded,avceuprmkveefydk,make_model_input-cohort_unvax_extf-sub_sex_female-depression,00:10:17,Completed successfully
Succeeded,hgqbyahlgbypk4x6,make_model_input-cohort_unvax_extf-sub_sex_female-serious_mental_illness,00:29:13,Completed successfully
Succeeded,qpcre2bali3j6k7d,make_model_input-cohort_unvax_extf-sub_sex_male-anxiety_general,00:12:55,Completed successfully
Succeeded,esu33vodkmaz4ybv,make_model_input-cohort_unvax_extf-sub_sex_male-depression,00:06:32,Completed successfully
Succeeded,zkswclj4euaw6n2x,make_model_input-cohort_unvax_extf-sub_sex_male-serious_mental_illness,00:39:41,Completed successfully
Succeeded,orxv2qhlgisl7fn3,make_model_input-cohort_vax-sub_covid_nonhospitalised-addiction,02:04:41,Completed successfully
Succeeded,kwilexsnnprzaeae,make_model_input-cohort_vax-sub_covid_nonhospitalised-anxiety_general,02:16:56,Completed successfully
Succeeded,xeqjgkqsuonrzy3o,make_model_input-cohort_vax-sub_covid_nonhospitalised-anxiety_ptsd,02:08:02,Completed successfully
Succeeded,lktoietrtenp2j2z,make_model_input-cohort_vax-sub_covid_nonhospitalised-depression,02:10:00,Completed successfully
Succeeded,47plopaq3d5qvpyk,make_model_input-cohort_vax-sub_covid_nonhospitalised-eating_disorders,02:11:08,Completed successfully
Succeeded,s7khsubnxuif5ds2,make_model_input-cohort_vax-sub_covid_nonhospitalised-self_harm,02:10:33,Completed successfully
Succeeded,jvkkugv2ilicfny7,make_model_input-cohort_vax-sub_covid_nonhospitalised-serious_mental_illness,02:10:29,Completed successfully
Succeeded,33ryklbeunlrf2oe,make_model_input-cohort_vax-sub_covid_nonhospitalised-suicide,02:16:54,Completed successfully
Succeeded,gr5xxqgtleooh4he,make_model_input-cohort_vax-sub_ethnicity_asian-anxiety_general,00:31:17,Completed successfully
Succeeded,ebqozqfasrnn2ftz,make_model_input-cohort_vax-sub_ethnicity_asian-depression,00:32:53,Completed successfully
Succeeded,govwt3nqvh4cwdt5,make_model_input-cohort_vax-sub_ethnicity_asian-serious_mental_illness,00:25:09,Completed successfully
Succeeded,z4x3jiinl6pwhy5e,make_model_input-cohort_vax-sub_ethnicity_black-anxiety_general,00:48:22,Completed successfully
Succeeded,osz7sfy53qib5xqs,make_model_input-cohort_vax-sub_ethnicity_black-depression,00:25:39,Completed successfully
Succeeded,lkohka4qmndcm6sd,make_model_input-cohort_vax-sub_ethnicity_black-serious_mental_illness,00:26:01,Completed successfully
Succeeded,v4hb23rq52ttbapp,make_model_input-cohort_vax-sub_ethnicity_mixed-anxiety_general,00:35:11,Completed successfully
Succeeded,oqla2xil2pwnbpmr,make_model_input-cohort_vax-sub_ethnicity_mixed-depression,00:20:23,Completed successfully
Succeeded,ktiup7cwvouejwgy,make_model_input-cohort_vax-sub_ethnicity_mixed-serious_mental_illness,00:32:17,Completed successfully
Succeeded,ajyzphsb5srnhl5w,make_model_input-cohort_vax-sub_ethnicity_other-anxiety_general,00:29:40,Completed successfully
Succeeded,begsae2b5qm5elwg,make_model_input-cohort_vax-sub_ethnicity_other-depression,00:22:00,Completed successfully
Succeeded,lcccyel2g4e32w2i,make_model_input-cohort_vax-sub_ethnicity_other-serious_mental_illness,00:26:58,Completed successfully
Succeeded,a4ulsqomu72yeudd,make_model_input-cohort_vax-sub_ethnicity_white-anxiety_general,00:43:19,Completed successfully
Succeeded,byhozqhbpqpk4w7u,make_model_input-cohort_vax-sub_ethnicity_white-depression,00:38:43,Completed successfully
Succeeded,pq6kueuoeo52nwey,make_model_input-cohort_vax-sub_ethnicity_white-serious_mental_illness,00:36:02,Completed successfully
Succeeded,t367anilu2eoyegg,make_model_input-cohort_vax-sub_history_none-anxiety_general,00:24:27,Completed successfully
Succeeded,iqrdalpeonvytrpl,make_model_input-cohort_vax-sub_history_none-depression,00:28:23,Completed successfully
Succeeded,id5fc4dyasmhdmhc,make_model_input-cohort_vax-sub_history_none-serious_mental_illness,00:30:40,Completed successfully
Succeeded,sa3m7vqppn5kr7l4,make_model_input-cohort_vax-sub_history_notrecent-anxiety_general,00:47:47,Completed successfully
Succeeded,7kia6tvsxqm7ojrt,make_model_input-cohort_vax-sub_history_notrecent-depression,00:35:45,Completed successfully
Succeeded,xspqio6cqkxzlcn7,make_model_input-cohort_vax-sub_history_notrecent-serious_mental_illness,00:32:09,Completed successfully
Succeeded,6ksy6bum27fear3y,make_model_input-cohort_vax-sub_history_recent-anxiety_general,00:21:01,Completed successfully
Succeeded,7dqpwpi5xsbxbqit,make_model_input-cohort_vax-sub_history_recent-depression,00:29:20,Completed successfully
Succeeded,ew3gb52bl7uk7x4c,make_model_input-cohort_vax-sub_history_recent-serious_mental_illness,00:33:03,Completed successfully
Succeeded,yhfwz7cfplcv3vax,make_model_input-cohort_vax-sub_sex_female-anxiety_general,00:20:42,Completed successfully
Succeeded,asztnozl77nm7rxv,make_model_input-cohort_vax-sub_sex_female-depression,00:28:42,Completed successfully
Succeeded,77amnade24k7iziq,make_model_input-cohort_vax-sub_sex_female-serious_mental_illness,00:32:17,Completed successfully
Succeeded,rcvdfg6p2h6q2zkk,make_model_input-cohort_vax-sub_sex_male-anxiety_general,00:29:08,Completed successfully
Succeeded,zll4346yrwkpmnxd,make_model_input-cohort_vax-sub_sex_male-depression,00:20:20,Completed successfully
Succeeded,5faxnm3x4d5tchnw,make_model_input-cohort_vax-sub_sex_male-serious_mental_illness,00:25:42,Completed successfully
Succeeded,xob5eezhsyg6cz2h,make_model_input-cohort_prevax_extf-main_aer_female_18_39-anxiety_general,00:21:57,Completed successfully
Succeeded,zfepwptcejiebi3j,cox_ipw-cohort_prevax_extf-main_aer_female_18_39-anxiety_general,00:55:29,Completed successfully
Succeeded,2nfw5b6iddxcozwb,make_model_input-cohort_prevax_extf-main_aer_female_18_39-depression,00:23:29,Completed successfully
Succeeded,vdiku3yjsxscmzkt,cox_ipw-cohort_prevax_extf-main_aer_female_18_39-depression,00:46:29,Completed successfully
Succeeded,p4jnyxxjfmgvihm3,make_model_input-cohort_prevax_extf-main_aer_female_18_39-serious_mental_illness,00:22:53,Completed successfully
Succeeded,kyxbwkmljqhtf4r3,cox_ipw-cohort_prevax_extf-main_aer_female_18_39-serious_mental_illness,00:34:40,Completed successfully
Succeeded,rxifeiy4w6ckdcv6,make_model_input-cohort_unvax_extf-main_aer_female_18_39-anxiety_general,00:04:02,Completed successfully
Succeeded,qjyrkrpwo2b4mslo,cox_ipw-cohort_unvax_extf-main_aer_female_18_39-anxiety_general,00:04:21,Completed successfully
Succeeded,dpw2hwe4ez6aejdm,make_model_input-cohort_unvax_extf-main_aer_female_18_39-depression,00:04:41,Completed successfully
Succeeded,ai4r763q6pebuwvp,cox_ipw-cohort_unvax_extf-main_aer_female_18_39-depression,00:04:47,Completed successfully
Succeeded,vcphzmvohm4vhbfc,make_model_input-cohort_unvax_extf-main_aer_female_18_39-serious_mental_illness,00:04:24,Completed successfully
Succeeded,oz5rr5w66xrprhqt,cox_ipw-cohort_unvax_extf-main_aer_female_18_39-serious_mental_illness,00:06:30,Completed successfully
Succeeded,xhwhelwhlouela47,make_model_input-cohort_vax-main_aer_female_18_39-addiction,00:19:35,Completed successfully
Succeeded,ppsztbbgetedftjp,cox_ipw-cohort_vax-main_aer_female_18_39-addiction,00:08:22,Completed successfully
Succeeded,vfuzpn2mrniri3ca,make_model_input-cohort_vax-main_aer_female_18_39-anxiety_general,00:19:22,Completed successfully
Succeeded,yfhp6swz4obwkxrt,cox_ipw-cohort_vax-main_aer_female_18_39-anxiety_general,00:10:49,Completed successfully
Succeeded,lgnvpgsgzpmmtl4n,make_model_input-cohort_vax-main_aer_female_18_39-anxiety_ptsd,00:19:12,Completed successfully
Succeeded,njtphdyhmcfmvzsq,cox_ipw-cohort_vax-main_aer_female_18_39-anxiety_ptsd,00:08:58,Completed successfully
Succeeded,qklcfbbvmqs5awqk,make_model_input-cohort_vax-main_aer_female_18_39-depression,00:19:44,Completed successfully
Succeeded,2wcfj7zmcpldcz5v,cox_ipw-cohort_vax-main_aer_female_18_39-depression,00:12:31,Completed successfully
Succeeded,gf372nzjtwowrbjk,make_model_input-cohort_vax-main_aer_female_18_39-eating_disorders,00:21:09,Completed successfully
Succeeded,5vkl4aacmou6nd7o,cox_ipw-cohort_vax-main_aer_female_18_39-eating_disorders,00:11:13,Completed successfully
Succeeded,yoeemwwdsx43hhev,make_model_input-cohort_vax-main_aer_female_18_39-self_harm,00:19:41,Completed successfully
Succeeded,wbha66z4zaalclqd,cox_ipw-cohort_vax-main_aer_female_18_39-self_harm,00:11:00,Completed successfully
Succeeded,7ptlwkqy4dbmjlut,make_model_input-cohort_vax-main_aer_female_18_39-serious_mental_illness,00:18:59,Completed successfully
Succeeded,zrc54wztap37w4ly,cox_ipw-cohort_vax-main_aer_female_18_39-serious_mental_illness,00:10:47,Completed successfully
Succeeded,i2avo6jpbkf7jyab,make_model_input-cohort_vax-main_aer_female_18_39-suicide,00:18:45,Completed successfully
Succeeded,hzwagpeeqpsste7z,cox_ipw-cohort_vax-main_aer_female_18_39-suicide,00:10:49,Completed successfully
Succeeded,kka4rclpl5wlp54i,make_model_input-cohort_prevax_extf-main_aer_female_40_59-anxiety_general,00:23:18,Completed successfully
Succeeded,npfjvirtdzg76qro,cox_ipw-cohort_prevax_extf-main_aer_female_40_59-anxiety_general,00:47:46,Completed successfully
Succeeded,qo6xyoapjmjs5ije,make_model_input-cohort_prevax_extf-main_aer_female_40_59-depression,00:25:30,Completed successfully
Succeeded,vbs4z4diiudv2aey,cox_ipw-cohort_prevax_extf-main_aer_female_40_59-depression,00:45:12,Completed successfully
Succeeded,ukfy547ro25tpq6e,make_model_input-cohort_prevax_extf-main_aer_female_40_59-serious_mental_illness,00:23:01,Completed successfully
Succeeded,zx2j4y5f4uyyovhf,cox_ipw-cohort_prevax_extf-main_aer_female_40_59-serious_mental_illness,00:22:33,Completed successfully
Succeeded,qrzxlbh3p2jvtuwj,make_model_input-cohort_unvax_extf-main_aer_female_40_59-anxiety_general,00:04:24,Completed successfully
Succeeded,nelac6wew7iokcru,cox_ipw-cohort_unvax_extf-main_aer_female_40_59-anxiety_general,00:01:59,Completed successfully
Succeeded,cpqt73xmoxkq5xr2,make_model_input-cohort_unvax_extf-main_aer_female_40_59-depression,00:04:02,Completed successfully
Succeeded,pewkoiwzhrks4n3l,cox_ipw-cohort_unvax_extf-main_aer_female_40_59-depression,00:02:03,Completed successfully
Succeeded,4gabt4rd7ujnjzpw,make_model_input-cohort_unvax_extf-main_aer_female_40_59-serious_mental_illness,00:03:57,Completed successfully
Succeeded,mlyxohprh7fbais2,cox_ipw-cohort_unvax_extf-main_aer_female_40_59-serious_mental_illness,00:04:33,Completed successfully
Succeeded,urbyfqku2a74q6fh,make_model_input-cohort_vax-main_aer_female_40_59-addiction,00:21:10,Completed successfully
Succeeded,jx3wiatbpmwzi7tu,cox_ipw-cohort_vax-main_aer_female_40_59-addiction,00:12:28,Completed successfully
Succeeded,cglwnt5ftz2wpvrg,make_model_input-cohort_vax-main_aer_female_40_59-anxiety_general,00:18:21,Completed successfully
Succeeded,pqminpuflh3vjhzz,cox_ipw-cohort_vax-main_aer_female_40_59-anxiety_general,00:16:13,Completed successfully
Succeeded,fqntl6k5vyjpw6u5,make_model_input-cohort_vax-main_aer_female_40_59-anxiety_ptsd,00:30:40,Completed successfully
Succeeded,bbr6svambzc4eahb,cox_ipw-cohort_vax-main_aer_female_40_59-anxiety_ptsd,00:14:59,Completed successfully
Succeeded,wb3mree5b63stlhz,make_model_input-cohort_vax-main_aer_female_40_59-depression,00:18:24,Completed successfully
Succeeded,urdbbnwjvaj7nr2z,cox_ipw-cohort_vax-main_aer_female_40_59-depression,00:16:07,Completed successfully
Succeeded,ox3pulnjydiwqq6t,make_model_input-cohort_vax-main_aer_female_40_59-eating_disorders,00:18:22,Completed successfully
Succeeded,3clx4maeav6vayau,cox_ipw-cohort_vax-main_aer_female_40_59-eating_disorders,00:12:01,Completed successfully
Succeeded,ncyw6oumxuhtrsnq,make_model_input-cohort_vax-main_aer_female_40_59-self_harm,00:21:13,Completed successfully
Succeeded,mnxwfpsb23agsgoa,cox_ipw-cohort_vax-main_aer_female_40_59-self_harm,00:12:28,Completed successfully
Succeeded,qjgtoswsxi36dzvm,make_model_input-cohort_vax-main_aer_female_40_59-serious_mental_illness,00:19:33,Completed successfully
Succeeded,rzvtmayury5sewxp,cox_ipw-cohort_vax-main_aer_female_40_59-serious_mental_illness,00:13:27,Completed successfully
Succeeded,u6ojjywjeos76flo,make_model_input-cohort_vax-main_aer_female_40_59-suicide,00:19:10,Completed successfully
Succeeded,tknmreu26axoxyhk,cox_ipw-cohort_vax-main_aer_female_40_59-suicide,00:12:00,Completed successfully
Succeeded,nzrnfmwjz5wp6hv4,make_model_input-cohort_prevax_extf-main_aer_female_60_79-anxiety_general,00:23:51,Completed successfully
Succeeded,xcxqarmiuyjs3ku3,cox_ipw-cohort_prevax_extf-main_aer_female_60_79-anxiety_general,00:23:32,Completed successfully
Succeeded,occhhmuelu7kpvxg,make_model_input-cohort_prevax_extf-main_aer_female_60_79-depression,00:24:30,Completed successfully
Succeeded,c6kuclprd6ch3c22,cox_ipw-cohort_prevax_extf-main_aer_female_60_79-depression,00:32:34,Completed successfully
Succeeded,nhfjfmenzjvqd2o2,make_model_input-cohort_prevax_extf-main_aer_female_60_79-serious_mental_illness,00:21:17,Completed successfully
Succeeded,mwscefs35teq3zs3,cox_ipw-cohort_prevax_extf-main_aer_female_60_79-serious_mental_illness,00:14:36,Completed successfully
Succeeded,d2eiijwzj7jcvx4z,make_model_input-cohort_unvax_extf-main_aer_female_60_79-anxiety_general,00:03:58,Completed successfully
Failed,to3lps27u62mjgpy,cox_ipw-cohort_unvax_extf-main_aer_female_60_79-anxiety_general,00:01:55,Job exited with an error
Succeeded,kh73ogzbxll7hzbp,make_model_input-cohort_unvax_extf-main_aer_female_60_79-depression,00:03:56,Completed successfully
Failed,kfunr3ofqz6ij3rm,cox_ipw-cohort_unvax_extf-main_aer_female_60_79-depression,00:01:55,Job exited with an error
Succeeded,24jws6iymqrlqdml,make_model_input-cohort_unvax_extf-main_aer_female_60_79-serious_mental_illness,00:03:58,Completed successfully
Failed,k74bvymb6wqs7xk2,cox_ipw-cohort_unvax_extf-main_aer_female_60_79-serious_mental_illness,00:01:57,Job exited with an error
Succeeded,4iuglrewbfpmsmw6,make_model_input-cohort_vax-main_aer_female_60_79-addiction,00:18:47,Completed successfully
Succeeded,bdjii7kpnbgzacd4,cox_ipw-cohort_vax-main_aer_female_60_79-addiction,00:10:53,Completed successfully
Succeeded,jsshw2hyi5xfqbex,make_model_input-cohort_vax-main_aer_female_60_79-anxiety_general,00:23:02,Completed successfully
Succeeded,v6d5qonxglircf4n,cox_ipw-cohort_vax-main_aer_female_60_79-anxiety_general,00:13:04,Completed successfully
Succeeded,5egcusw2jz3lgajp,make_model_input-cohort_vax-main_aer_female_60_79-anxiety_ptsd,00:18:39,Completed successfully
Succeeded,7g4jnzq73p6fxbun,cox_ipw-cohort_vax-main_aer_female_60_79-anxiety_ptsd,00:09:01,Completed successfully
Succeeded,a2oq2gooe5x6u3rq,make_model_input-cohort_vax-main_aer_female_60_79-depression,00:19:03,Completed successfully
Succeeded,xih5h4y4mpstfuzc,cox_ipw-cohort_vax-main_aer_female_60_79-depression,00:13:02,Completed successfully
Succeeded,cyp44gr3jek425tn,make_model_input-cohort_vax-main_aer_female_60_79-eating_disorders,00:18:31,Completed successfully
Succeeded,rg3gabtqknlbcjp4,cox_ipw-cohort_vax-main_aer_female_60_79-eating_disorders,00:08:57,Completed successfully
Succeeded,cky6squvzhvzxtxm,make_model_input-cohort_vax-main_aer_female_60_79-self_harm,00:18:24,Completed successfully
Succeeded,d5nxb5wu4wi5wuym,cox_ipw-cohort_vax-main_aer_female_60_79-self_harm,00:08:47,Completed successfully
Succeeded,tmlh725o325ll3zn,make_model_input-cohort_vax-main_aer_female_60_79-serious_mental_illness,00:18:08,Completed successfully
Succeeded,24u6od7zcdd3xqwv,cox_ipw-cohort_vax-main_aer_female_60_79-serious_mental_illness,00:11:15,Completed successfully
Succeeded,fndnspx75gusx44o,make_model_input-cohort_vax-main_aer_female_60_79-suicide,00:18:59,Completed successfully
Succeeded,ry5va2qoqjj3nx73,cox_ipw-cohort_vax-main_aer_female_60_79-suicide,00:09:03,Completed successfully
Succeeded,istcng2pkeudaymo,make_model_input-cohort_prevax_extf-main_aer_female_80_110-anxiety_general,00:22:54,Completed successfully
Failed,uhqngwneb6lmzhji,cox_ipw-cohort_prevax_extf-main_aer_female_80_110-anxiety_general,00:01:43,Job exited with an error
Succeeded,pmlipod2wi4jk5kz,make_model_input-cohort_prevax_extf-main_aer_female_80_110-depression,00:20:33,Completed successfully
Failed,juy5ok6q6nd2knqm,cox_ipw-cohort_prevax_extf-main_aer_female_80_110-depression,00:01:29,Job exited with an error
Succeeded,gqxvpuf2we55ttt6,make_model_input-cohort_prevax_extf-main_aer_female_80_110-serious_mental_illness,00:21:29,Completed successfully
Failed,6xupklmhw5zgyacn,cox_ipw-cohort_prevax_extf-main_aer_female_80_110-serious_mental_illness,00:01:46,Job exited with an error
Succeeded,dadaxt62h2xtgwef,make_model_input-cohort_unvax_extf-main_aer_female_80_110-anxiety_general,00:03:36,Completed successfully
Failed,ovktv7iwq5xobhm3,cox_ipw-cohort_unvax_extf-main_aer_female_80_110-anxiety_general,00:01:40,Job exited with an error
Succeeded,w4nzmtawdpn7vdn5,make_model_input-cohort_unvax_extf-main_aer_female_80_110-depression,00:06:21,Completed successfully
Failed,osrsyqbpgkp3nt2k,cox_ipw-cohort_unvax_extf-main_aer_female_80_110-depression,00:01:43,Job exited with an error
Succeeded,pdf6cg6ldfuoc7li,make_model_input-cohort_unvax_extf-main_aer_female_80_110-serious_mental_illness,00:03:30,Completed successfully
Failed,ajwh6wkaigfvn24b,cox_ipw-cohort_unvax_extf-main_aer_female_80_110-serious_mental_illness,00:01:39,Job exited with an error
Succeeded,pqtcmexus3e42cza,make_model_input-cohort_vax-main_aer_female_80_110-addiction,00:18:13,Completed successfully
Failed,lixbtce5slkrh4au,cox_ipw-cohort_vax-main_aer_female_80_110-addiction,00:01:28,Job exited with an error
Succeeded,s3ly7y2f2gcomm3c,make_model_input-cohort_vax-main_aer_female_80_110-anxiety_general,00:18:01,Completed successfully
Failed,n2gxfcfzkkjbbrsa,cox_ipw-cohort_vax-main_aer_female_80_110-anxiety_general,00:01:29,Job exited with an error
Succeeded,4luvdybnr4vlwof6,make_model_input-cohort_vax-main_aer_female_80_110-anxiety_ptsd,00:18:08,Completed successfully
Failed,lciy2aln44okgteq,cox_ipw-cohort_vax-main_aer_female_80_110-anxiety_ptsd,00:01:38,Job exited with an error
Succeeded,rxbmk3l7tycsnevo,make_model_input-cohort_vax-main_aer_female_80_110-depression,00:18:20,Completed successfully
Failed,7hrq5wcpouk2e7ht,cox_ipw-cohort_vax-main_aer_female_80_110-depression,00:01:37,Job exited with an error
Succeeded,2a4wzpzqa2kwim7a,make_model_input-cohort_vax-main_aer_female_80_110-eating_disorders,00:17:35,Completed successfully
Failed,uynkzxjczewxozkm,cox_ipw-cohort_vax-main_aer_female_80_110-eating_disorders,00:01:27,Job exited with an error
Succeeded,p57wmixcun4cabvn,make_model_input-cohort_vax-main_aer_female_80_110-self_harm,00:20:37,Completed successfully
Failed,dtx5ip5qxslxu77u,cox_ipw-cohort_vax-main_aer_female_80_110-self_harm,00:01:33,Job exited with an error
Succeeded,vrejpszt6jf472rh,make_model_input-cohort_vax-main_aer_female_80_110-serious_mental_illness,00:17:29,Completed successfully
Failed,jjz6skfp6iz4ylw5,cox_ipw-cohort_vax-main_aer_female_80_110-serious_mental_illness,00:01:27,Job exited with an error
Succeeded,thgr4ufxfu6wcfw3,make_model_input-cohort_vax-main_aer_female_80_110-suicide,00:20:40,Completed successfully
Failed,ql6ep7kqp7ww4rvt,cox_ipw-cohort_vax-main_aer_female_80_110-suicide,00:01:33,Job exited with an error
Succeeded,urisg4wfhj2af6pu,make_model_input-cohort_prevax_extf-main_aer_male_18_39-anxiety_general,00:21:53,Completed successfully
Succeeded,j6673caovyvjqj3p,cox_ipw-cohort_prevax_extf-main_aer_male_18_39-anxiety_general,00:37:06,Completed successfully
Succeeded,ok4dcrzlianhmql5,make_model_input-cohort_prevax_extf-main_aer_male_18_39-depression,00:23:28,Completed successfully
Succeeded,js454mpc2h5wylim,cox_ipw-cohort_prevax_extf-main_aer_male_18_39-depression,01:02:57,Completed successfully
Succeeded,mcyczbxolfkebeqn,make_model_input-cohort_prevax_extf-main_aer_male_18_39-serious_mental_illness,00:25:37,Completed successfully
Succeeded,6mtk6l2jiyvm6cps,cox_ipw-cohort_prevax_extf-main_aer_male_18_39-serious_mental_illness,00:28:16,Completed successfully
Succeeded,etnntx7gzpi7kswn,make_model_input-cohort_unvax_extf-main_aer_male_18_39-anxiety_general,00:03:06,Completed successfully
Succeeded,gh36afplfff3vihs,cox_ipw-cohort_unvax_extf-main_aer_male_18_39-anxiety_general,00:06:15,Completed successfully
Succeeded,yzododa4znklte3w,make_model_input-cohort_unvax_extf-main_aer_male_18_39-depression,00:03:00,Completed successfully
Succeeded,gc6zjoxm5dbatg3y,cox_ipw-cohort_unvax_extf-main_aer_male_18_39-depression,00:06:03,Completed successfully
Succeeded,ni2ni6inuu5fkcgb,make_model_input-cohort_unvax_extf-main_aer_male_18_39-serious_mental_illness,00:03:03,Completed successfully
Succeeded,jcm37z7mulbfx55b,cox_ipw-cohort_unvax_extf-main_aer_male_18_39-serious_mental_illness,00:05:57,Completed successfully
Succeeded,sa4ttxiawifxup4r,make_model_input-cohort_vax-main_aer_male_18_39-addiction,00:21:44,Completed successfully
Succeeded,inlitkbqzejhj35p,cox_ipw-cohort_vax-main_aer_male_18_39-addiction,00:07:28,Completed successfully
Succeeded,37ycabqdw6et75sv,make_model_input-cohort_vax-main_aer_male_18_39-anxiety_general,00:18:38,Completed successfully
Succeeded,blcmgbqzm3u5eisn,cox_ipw-cohort_vax-main_aer_male_18_39-anxiety_general,00:09:33,Completed successfully
Succeeded,e3nrlzumx4ahzof7,make_model_input-cohort_vax-main_aer_male_18_39-anxiety_ptsd,00:17:10,Completed successfully
Succeeded,hg2xbsqf636ppyf4,cox_ipw-cohort_vax-main_aer_male_18_39-anxiety_ptsd,00:08:16,Completed successfully
Succeeded,r6bdxhipjva2gyje,make_model_input-cohort_vax-main_aer_male_18_39-depression,00:19:00,Completed successfully
Succeeded,2lhtrdpg56q25h2m,cox_ipw-cohort_vax-main_aer_male_18_39-depression,00:08:35,Completed successfully
Succeeded,i6wcih2xo7tpej7u,make_model_input-cohort_vax-main_aer_male_18_39-eating_disorders,00:19:48,Completed successfully
Succeeded,m73ko7mt565rpjlc,cox_ipw-cohort_vax-main_aer_male_18_39-eating_disorders,00:10:45,Completed successfully
Succeeded,5u5omcof3goknicd,make_model_input-cohort_vax-main_aer_male_18_39-self_harm,00:18:17,Completed successfully
Succeeded,altadtbabc342l4b,cox_ipw-cohort_vax-main_aer_male_18_39-self_harm,00:08:04,Completed successfully
Succeeded,27uwo43ssb4l3ems,make_model_input-cohort_vax-main_aer_male_18_39-serious_mental_illness,00:19:33,Completed successfully
Succeeded,uvjxwfszjlo2636g,cox_ipw-cohort_vax-main_aer_male_18_39-serious_mental_illness,00:08:22,Completed successfully
Succeeded,5o3ba6ajhnkdt7uv,make_model_input-cohort_vax-main_aer_male_18_39-suicide,00:18:24,Completed successfully
Succeeded,zjyvu63ucgmwianu,cox_ipw-cohort_vax-main_aer_male_18_39-suicide,00:06:59,Completed successfully
Succeeded,fpvhoedmgltjbqm5,make_model_input-cohort_prevax_extf-main_aer_male_40_59-anxiety_general,00:21:51,Completed successfully
Succeeded,csaraf2f4kof3s3j,cox_ipw-cohort_prevax_extf-main_aer_male_40_59-anxiety_general,00:49:57,Completed successfully
Succeeded,d2r6he77bcon4h3m,make_model_input-cohort_prevax_extf-main_aer_male_40_59-depression,00:21:28,Completed successfully
Succeeded,fxjhfssrb3soq3zs,cox_ipw-cohort_prevax_extf-main_aer_male_40_59-depression,00:46:05,Completed successfully
Succeeded,zmw5xytfh3zegbnf,make_model_input-cohort_prevax_extf-main_aer_male_40_59-serious_mental_illness,00:27:26,Completed successfully
Succeeded,umv32272n3vdhdfp,cox_ipw-cohort_prevax_extf-main_aer_male_40_59-serious_mental_illness,00:25:19,Completed successfully
Succeeded,if6ogl7dawtcc32i,make_model_input-cohort_unvax_extf-main_aer_male_40_59-anxiety_general,00:03:59,Completed successfully
Succeeded,iwrbtoqhgtpghfho,cox_ipw-cohort_unvax_extf-main_aer_male_40_59-anxiety_general,00:02:35,Completed successfully
Succeeded,nm2udgvrszjadh3n,make_model_input-cohort_unvax_extf-main_aer_male_40_59-depression,00:03:58,Completed successfully
Succeeded,l74xhluaxgtugeu7,cox_ipw-cohort_unvax_extf-main_aer_male_40_59-depression,00:02:32,Completed successfully
Succeeded,nkir3c62gv45apsx,make_model_input-cohort_unvax_extf-main_aer_male_40_59-serious_mental_illness,00:03:55,Completed successfully
Succeeded,oibv5l3xn43berwl,cox_ipw-cohort_unvax_extf-main_aer_male_40_59-serious_mental_illness,00:02:36,Completed successfully
Succeeded,mlt6uvx7uje5ndvw,make_model_input-cohort_vax-main_aer_male_40_59-addiction,00:23:11,Completed successfully
Succeeded,dj4zvmsi2keo55rg,cox_ipw-cohort_vax-main_aer_male_40_59-addiction,00:10:55,Completed successfully
Succeeded,n4ugpjuuikwntyum,make_model_input-cohort_vax-main_aer_male_40_59-anxiety_general,00:20:37,Completed successfully
Succeeded,kixjy6xlnww3pfmo,cox_ipw-cohort_vax-main_aer_male_40_59-anxiety_general,00:12:57,Completed successfully
Succeeded,kzqhftlbznmp72ff,make_model_input-cohort_vax-main_aer_male_40_59-anxiety_ptsd,00:20:13,Completed successfully
Succeeded,ywhau6ivdtnxzchi,cox_ipw-cohort_vax-main_aer_male_40_59-anxiety_ptsd,00:11:38,Completed successfully
Succeeded,blmxcz6ijtyyitub,make_model_input-cohort_vax-main_aer_male_40_59-depression,00:18:41,Completed successfully
Succeeded,r3zcesn6kqhcl7ph,cox_ipw-cohort_vax-main_aer_male_40_59-depression,00:29:50,Completed successfully
Succeeded,w3v4u3zfaobot2gv,make_model_input-cohort_vax-main_aer_male_40_59-eating_disorders,00:25:19,Completed successfully
Succeeded,csuxwhp234b4qv7o,cox_ipw-cohort_vax-main_aer_male_40_59-eating_disorders,00:13:21,Completed successfully
Succeeded,yzdf34azj5loqxfn,make_model_input-cohort_vax-main_aer_male_40_59-self_harm,00:18:58,Completed successfully
Succeeded,rdfnms5ikyd43wr2,cox_ipw-cohort_vax-main_aer_male_40_59-self_harm,00:12:16,Completed successfully
Succeeded,fs6njhooybg4mpnl,make_model_input-cohort_vax-main_aer_male_40_59-serious_mental_illness,00:21:27,Completed successfully
Succeeded,we4jixfokoeaaj4s,cox_ipw-cohort_vax-main_aer_male_40_59-serious_mental_illness,00:13:19,Completed successfully
Succeeded,ca5f5ott4rpqnqrl,make_model_input-cohort_vax-main_aer_male_40_59-suicide,00:21:26,Completed successfully
Succeeded,ywyc2xv54c4gsnsz,cox_ipw-cohort_vax-main_aer_male_40_59-suicide,00:12:58,Completed successfully
Succeeded,hxb4z4i5jk5yfvxd,make_model_input-cohort_prevax_extf-main_aer_male_60_79-anxiety_general,00:26:56,Completed successfully
Succeeded,yuebnvvvariv7flv,cox_ipw-cohort_prevax_extf-main_aer_male_60_79-anxiety_general,00:20:10,Completed successfully
Succeeded,qlaa2alrwlpjpgjw,make_model_input-cohort_prevax_extf-main_aer_male_60_79-depression,00:28:00,Completed successfully
Succeeded,zjrdpv7c3lbcus7d,cox_ipw-cohort_prevax_extf-main_aer_male_60_79-depression,00:18:36,Completed successfully
Succeeded,olxw4chpt7zg4sg6,make_model_input-cohort_prevax_extf-main_aer_male_60_79-serious_mental_illness,00:29:49,Completed successfully
Succeeded,qyfxdhzszydknixw,cox_ipw-cohort_prevax_extf-main_aer_male_60_79-serious_mental_illness,00:19:11,Completed successfully
Succeeded,d6hinwmfybzfpi3r,make_model_input-cohort_unvax_extf-main_aer_male_60_79-anxiety_general,00:06:53,Completed successfully
Failed,bokbya26ovidu3dx,cox_ipw-cohort_unvax_extf-main_aer_male_60_79-anxiety_general,00:06:58,Job exited with an error
Succeeded,uhcsd4rladayj5cq,make_model_input-cohort_unvax_extf-main_aer_male_60_79-depression,00:06:58,Completed successfully
Failed,2yjrezqntv2qz6vg,cox_ipw-cohort_unvax_extf-main_aer_male_60_79-depression,00:05:06,Job exited with an error
Succeeded,ohk6uwsqxe4vx7in,make_model_input-cohort_unvax_extf-main_aer_male_60_79-serious_mental_illness,00:05:57,Completed successfully
Failed,pziejjwxlw2rw5rj,cox_ipw-cohort_unvax_extf-main_aer_male_60_79-serious_mental_illness,00:06:57,Job exited with an error
Succeeded,wilcuhysnlvwok4i,make_model_input-cohort_vax-main_aer_male_60_79-addiction,00:25:52,Completed successfully
Succeeded,wfjuw55wwrjlmbif,cox_ipw-cohort_vax-main_aer_male_60_79-addiction,00:11:46,Completed successfully
Succeeded,ur6ts47tnn33jswj,make_model_input-cohort_vax-main_aer_male_60_79-anxiety_general,00:18:51,Completed successfully
Succeeded,zkkf2buugmkbw47i,cox_ipw-cohort_vax-main_aer_male_60_79-anxiety_general,00:11:47,Completed successfully
Succeeded,dvditgn6jhkobqbo,make_model_input-cohort_vax-main_aer_male_60_79-anxiety_ptsd,00:27:41,Completed successfully
Succeeded,343qydhmorm6fyd6,cox_ipw-cohort_vax-main_aer_male_60_79-anxiety_ptsd,00:11:44,Completed successfully
Succeeded,gfywdo2qpxqw2m22,make_model_input-cohort_vax-main_aer_male_60_79-depression,00:22:26,Completed successfully
Succeeded,jbrdqxppoowagn7k,cox_ipw-cohort_vax-main_aer_male_60_79-depression,00:13:49,Completed successfully
Succeeded,sguwofvphhnner36,make_model_input-cohort_vax-main_aer_male_60_79-eating_disorders,00:20:38,Completed successfully
Succeeded,vrtc5qy54xavbbxj,cox_ipw-cohort_vax-main_aer_male_60_79-eating_disorders,00:11:44,Completed successfully
Succeeded,jzn32q3bchmcghau,make_model_input-cohort_vax-main_aer_male_60_79-self_harm,00:20:37,Completed successfully
Succeeded,mpx2spashkv5z24g,cox_ipw-cohort_vax-main_aer_male_60_79-self_harm,00:11:43,Completed successfully
Succeeded,sypm2samlbhamwn2,make_model_input-cohort_vax-main_aer_male_60_79-serious_mental_illness,00:20:40,Completed successfully
Succeeded,hj67m52eve5daadi,cox_ipw-cohort_vax-main_aer_male_60_79-serious_mental_illness,00:11:45,Completed successfully
Succeeded,2bmfbfwh74v2sy5e,make_model_input-cohort_vax-main_aer_male_60_79-suicide,00:25:21,Completed successfully
Succeeded,pnxonw74nkqbdl7o,cox_ipw-cohort_vax-main_aer_male_60_79-suicide,00:11:30,Completed successfully
Succeeded,z7vs6qabkf6isk5m,make_model_input-cohort_prevax_extf-main_aer_male_80_110-anxiety_general,00:22:17,Completed successfully
Failed,2myh6zcotae6nqdc,cox_ipw-cohort_prevax_extf-main_aer_male_80_110-anxiety_general,00:06:45,Job exited with an error
Succeeded,vh3k5k5limoajzor,make_model_input-cohort_prevax_extf-main_aer_male_80_110-depression,00:27:16,Completed successfully
Failed,nzvaosrglwo6acfo,cox_ipw-cohort_prevax_extf-main_aer_male_80_110-depression,00:04:39,Job exited with an error
Succeeded,4lmzxj7osghs5mz4,make_model_input-cohort_prevax_extf-main_aer_male_80_110-serious_mental_illness,00:27:15,Completed successfully
Failed,crsl6vxdolx6rr7f,cox_ipw-cohort_prevax_extf-main_aer_male_80_110-serious_mental_illness,00:04:39,Job exited with an error
Succeeded,d7nw4zeotifzpfz2,make_model_input-cohort_unvax_extf-main_aer_male_80_110-anxiety_general,00:06:44,Completed successfully
Failed,5yuov4dn6txqe7wj,cox_ipw-cohort_unvax_extf-main_aer_male_80_110-anxiety_general,00:06:42,Job exited with an error
Succeeded,vay5brrc5lopd3sh,make_model_input-cohort_unvax_extf-main_aer_male_80_110-depression,00:06:44,Completed successfully
Failed,x7ucbgsibzfp7aml,cox_ipw-cohort_unvax_extf-main_aer_male_80_110-depression,00:06:41,Job exited with an error
Succeeded,yl4owkxihrrjqkoi,make_model_input-cohort_unvax_extf-main_aer_male_80_110-serious_mental_illness,00:06:41,Completed successfully
Failed,cc3ba6vcieyfcyqc,cox_ipw-cohort_unvax_extf-main_aer_male_80_110-serious_mental_illness,00:06:38,Job exited with an error
Succeeded,52war5qbwkbtpyrm,make_model_input-cohort_vax-main_aer_male_80_110-addiction,00:18:15,Completed successfully
Failed,6hr7u3osp232yjh4,cox_ipw-cohort_vax-main_aer_male_80_110-addiction,00:04:33,Job exited with an error
Succeeded,m5m2kmion4loz7rw,make_model_input-cohort_vax-main_aer_male_80_110-anxiety_general,00:21:21,Completed successfully
Failed,4ekbcbwmg3gzzlal,cox_ipw-cohort_vax-main_aer_male_80_110-anxiety_general,00:06:33,Job exited with an error
Succeeded,yjksyx3lxwi6vxjz,make_model_input-cohort_vax-main_aer_male_80_110-anxiety_ptsd,00:23:02,Completed successfully
Failed,3ojqaen2pu2mfawu,cox_ipw-cohort_vax-main_aer_male_80_110-anxiety_ptsd,00:03:16,Job exited with an error
Succeeded,6iumknbvqgrgc4ia,make_model_input-cohort_vax-main_aer_male_80_110-depression,00:19:51,Completed successfully
Failed,hawlmvcf4h6ovyp3,cox_ipw-cohort_vax-main_aer_male_80_110-depression,00:06:44,Job exited with an error
Succeeded,oxnhi6nd6rgsm2vi,make_model_input-cohort_vax-main_aer_male_80_110-eating_disorders,00:17:56,Completed successfully
Failed,pbhe3lapm4rwrb4u,cox_ipw-cohort_vax-main_aer_male_80_110-eating_disorders,00:03:19,Job exited with an error
Succeeded,njcdq2zlknprdhwl,make_model_input-cohort_vax-main_aer_male_80_110-self_harm,00:20:44,Completed successfully
Failed,hxqapjwi3hvlfyqk,cox_ipw-cohort_vax-main_aer_male_80_110-self_harm,00:06:22,Job exited with an error
Succeeded,26duy5mnb5fvcfgt,make_model_input-cohort_vax-main_aer_male_80_110-serious_mental_illness,00:18:08,Completed successfully
Failed,hjpnkrfnv3pkkwlv,cox_ipw-cohort_vax-main_aer_male_80_110-serious_mental_illness,00:04:25,Job exited with an error
Succeeded,o54fwcxztek2zomc,make_model_input-cohort_vax-main_aer_male_80_110-suicide,00:17:41,Completed successfully
Failed,ohhacpcprmrqxbew,cox_ipw-cohort_vax-main_aer_male_80_110-suicide,00:04:28,Job exited with an error